par_id,rmse,nse,r,bias,mae,nmae
p0001,3.41779038470899,0.605636566251093,0.958246280273273,-0.916045387409043,3.06728183203357,0.262645495525331
p0002,5.99763139268298,-0.214409998335811,0.526471311530119,2.81068268063186,4.95912795164193,0.435665866715859
p0003,3.40325587369275,0.608983577810939,0.786451081646949,0.530845280455296,3.06088726582835,0.25308223708274
p0004,4.15106221973101,0.418266226596986,0.941731899094753,-0.361337450496913,3.72342649503082,0.29577105093141
p0005,4.74843958334766,0.238784495608786,0.987803368566754,-4.63968558291993,4.63968558291993,0.388077066631621
p0006,3.86639306077,0.495318020900867,0.911742379047448,0.349081818822924,3.37497603062464,0.278558516898288
p0007,5.23274581623474,0.0755890730693897,0.656342018516743,3.07069416778411,4.51191201322804,0.40340172680788
p0008,5.43664349166891,0.0021448520696804,0.970823442753523,-4.89472329533352,4.93281676301516,0.431315462406463
p0009,4.89907134446319,0.189723356785791,0.84182637899712,3.35918820896724,3.88939214625025,0.318363422906561
p0010,5.68058145288437,-0.0894100442317405,0.49575389787124,2.57779158006072,4.99875882133787,0.436640036690353
p0011,3.66158954783816,0.547368148786353,0.959234477468879,-0.710025697373301,3.30029617632608,0.26877233360212
p0012,5.13369093365573,0.11025566767513,0.532725197381141,-0.282700202803876,4.50228487452678,0.35357754055521
p0013,3.89458926596593,0.487930254596711,0.862091496637747,2.06359928374149,2.99188723736967,0.25505226215031
p0014,3.30306600026787,0.631667284021907,0.795130427004564,0.0732333999907465,2.91630039381657,0.234953303351921
p0015,6.34134197136788,-0.357588468530749,0.628604968824544,4.49636380003879,5.28632030487036,0.479587669815147
p0016,6.31756020083921,-0.347424904676573,0.937884127601839,-6.0245375497427,6.0245375497427,0.464921087239873
p0017,9.58301016033776,-2.10034261138918,0.492863667458043,7.77287742505341,8.07970862971941,0.719912355514726
p0018,8.11434127079136,-1.22286112417498,0.440846867968216,5.5477073939588,6.54032117688795,0.597859243356985
p0019,3.82111023082016,0.507070369555473,0.923580063272011,-0.978629853305335,3.29781496410266,0.290899177800687
p0020,8.58926552803494,-1.49067951883235,0.453742595722686,6.41101408552145,7.04696246644573,0.649445356680603
p0021,5.93209970082833,-0.188017054903174,0.460292836299732,1.41088691795555,5.07623656527136,0.42269809369596
p0022,8.45832779969593,-1.41532077148108,0.489319212259376,6.55073317710983,7.00679270113385,0.639549990786443
p0023,2.62858493764055,0.766734870223887,0.976013971576482,-1.1825488989004,2.32722216789422,0.207495246495571
p0024,5.07983267263117,0.128826600365733,0.927911789045196,1.63220406377926,4.42161073385136,0.317765208617544
p0025,3.94216975625345,0.475341835372195,0.922887588611737,-0.40145410224992,3.45389547977882,0.291990873406676
p0026,4.20903193201639,0.401904915385698,0.981773761699509,-3.94731179925053,3.94863277795938,0.34414827557176
p0027,5.84565318424954,-0.153644190263775,0.458799796981158,0.98613750017924,5.04642950886736,0.414908090278371
p0028,6.62733070099237,-0.482801704528368,0.423791750018567,3.17922046612581,5.60742079151912,0.495208677895269
p0029,9.31974893430528,-1.9323392809364,0.393786896537766,7.19137519782298,7.73164482558261,0.712010420208401
p0030,8.19210696564949,-1.26567191250884,0.440943393195432,6.05180884024979,6.75572211937595,0.621140045840177
p0031,3.00588894966928,0.694963607711047,0.851600425981007,0.850443369952418,2.47630775401008,0.209422110500768
p0032,9.53656581135606,-2.07036362615807,0.606825346203621,8.07516721467488,8.25685944766337,0.703211911891188
p0033,4.31849346578557,0.370391872330303,0.985523859539473,-4.0954454401411,4.10096602785855,0.354593653284929
p0034,5.38763637150038,0.0200535490096603,0.626521034908929,3.07263519210176,4.61792415448059,0.415418648323945
p0035,9.16433345597348,-1.83535575770386,0.40759490425127,7.05929491272759,7.58753791050612,0.698661551786317
p0036,3.23277210701433,0.647177743942773,0.944507550586825,-0.958003839823468,2.82311926800796,0.252636587281241
p0037,9.08690549301344,-1.78764723412952,0.391795585587783,6.8451929247633,7.51139281381452,0.694093294326859
p0038,4.06443181499405,0.442293794882677,0.977809126378045,-3.45983022201845,3.51091457621684,0.32392785566402
p0039,6.03765493247291,-0.230672139066881,0.439165461250683,1.66129564033856,5.19391327023003,0.43552016081259
p0040,5.49656587512067,-0.0199729789765259,0.554653848615001,-2.01708536940504,4.74663388180927,0.3610346164718
p0041,5.93217883158498,-0.188048750026393,0.701455788268794,4.36044653178572,4.97087077846765,0.451417736758118
p0042,3.90936088338497,0.484038474168797,0.838341838164256,1.59751323191968,3.04202461826331,0.269968289437487
p0043,3.48911566895899,0.589005011414083,0.950827381999819,-0.297914205861943,3.14556577999801,0.25806166338202
p0044,4.08633912854571,0.436265512262373,0.975985053003753,-3.49212092582433,3.55118240056117,0.32218346112322
p0045,4.73376771611349,0.243481280022077,0.978275176329076,-4.50364209083238,4.50364209083238,0.385027445395453
p0046,9.09770970554986,-1.79428012766421,0.402375792855015,7.00168168166256,7.5284371824044,0.69300708007616
p0047,6.04685142314349,-0.234424087330503,0.477304647695818,3.06308134728363,5.23741344624636,0.464991955491613
p0048,7.95391989045052,-1.1358375487116,0.46820871184026,5.75999156785285,6.51471539541846,0.602838324982952
p0049,3.85607570226715,0.498007885838005,0.923559812816323,1.71722815152671,3.03449492273835,0.230657826678797
p0050,7.90001901686065,-1.10698801644252,0.412184312214087,5.47584993902879,6.54345199021401,0.603854481876681
p0051,7.65637266076586,-0.979027913164399,0.701281517419162,6.17771069341183,6.46580907500333,0.547721498926562
p0052,3.9234014251349,0.480325648097057,0.97442547768983,-2.91143482921688,3.28129419727542,0.30463718574532
p0053,5.67003229738815,-0.0853676112241031,0.630820829057735,3.55979647172614,4.79308344638958,0.430197386241858
p0054,3.17326283799624,0.660047778444925,0.976342469055571,-1.1184263471558,2.84686492152019,0.241207500857174
p0055,9.06909947047425,-1.7767330065904,0.405385721033551,7.02135209057622,7.50514784733921,0.689328241284772
p0056,3.6118202099314,0.559589119693152,0.92638517052346,0.314611074491292,3.09108022961753,0.254399573110433
p0057,4.17791650946666,0.410715109320273,0.975401090990884,-3.57282926044036,3.62437843958273,0.331803777357157
p0058,10.9585150454212,-3.05423770722315,0.397142148101058,9.10291747640574,9.40501223951954,0.84291257041722
p0059,6.39202678731814,-0.379376950945697,0.417838990898002,3.2749114116267,5.55653232150151,0.493563457391196
p0060,4.9200710215361,0.18276203089877,0.632988971330244,2.32377064254427,4.33273685046237,0.376431288427324
p0061,5.1678335159476,0.0983814869510105,0.745170298532257,3.58602347693129,4.38786266792228,0.396670849207758
p0062,4.42872032047943,0.337840976278601,0.674178656258055,0.422683782535456,3.74647486123032,0.308360309643912
p0063,8.3108187536479,-1.3318113631379,0.472697113964257,6.12104175492165,6.78921745351088,0.625217542923529
p0064,3.30725315249282,0.630732853597493,0.970596857056172,-2.97018629315343,2.97954747357142,0.2567142523601
p0065,5.26769019492061,0.0632013796681721,0.681554771831372,3.31147519315835,4.51120960963914,0.408004345088426
p0066,3.72984130112429,0.530336836096711,0.945967083857086,1.11481832138095,3.18708370040702,0.235342150949771
p0067,3.41160810871487,0.607061965861654,0.980024999824872,-3.08036498466418,3.08801446555358,0.274823799184136
p0068,4.81957701022057,0.215805773973671,0.922589175371882,0.764296818625575,4.28396933642316,0.325007424675878
p0069,7.65703722854222,-0.979371484543959,0.41926821339121,5.08610901513819,6.34979066727034,0.58493685519511
p0070,9.0943721318902,-1.79223029196481,0.389297796386627,6.8975512450183,7.52119056263858,0.694077487451456
p0071,2.24646904415568,0.829624686061825,0.92567653799931,-0.859543583059786,1.84193734942367,0.15181529665779
p0072,4.47363163021842,0.324343074220891,0.93939938841644,0.78547611602244,3.99870863504935,0.299697073189725
p0073,7.74571884599745,-1.02548601972494,0.40894298435443,5.23873614982193,6.43601596091655,0.59292006591669
p0074,7.49859359019734,-0.898302521818223,0.421079135592542,4.5243394264605,6.15162723375139,0.5581225474662
p0075,4.40990614937586,0.343455018338211,0.982911491914423,-4.11823450414485,4.11852547530473,0.360686266912647
p0076,3.65796573003469,0.548263630746804,0.827903320762374,1.98199030182272,3.16393195872695,0.2824106622871
p0077,5.71517308841006,-0.102718264324231,0.950599192555618,-5.45973880297412,5.45973880297412,0.420988837103374
p0078,8.88853321775496,-1.66726392828964,0.400627959904167,6.72188684860003,7.33968988663681,0.677478202784176
p0079,3.70002155432694,0.537816645662789,0.93893622760163,2.18044515264078,2.91434755182926,0.213309826800886
p0080,3.6387391186405,0.552999888399639,0.941654378745435,0.734629187022548,3.167875431444,0.242770207626929
p0081,6.71556792445188,-0.52254902096489,0.569715860810666,4.6857415470255,5.57661492235461,0.510662571316114
p0082,6.91865498938373,-0.616028965376274,0.475983737258928,4.37881853464499,5.76616545479469,0.527305497795075
p0083,5.45215106758616,-0.00355586532544927,0.696096650802295,3.6013145202494,4.57382603845172,0.411751609911475
p0084,4.54274186736217,0.303306255279714,0.939609350619698,0.483204973905363,4.08919432265353,0.310370664878266
p0085,5.36087405540002,0.0297648579481338,0.45653309786859,1.39073870046051,4.85383085143172,0.404835985732099
p0086,3.79846306122399,0.512896099856517,0.927316760017752,-0.772120588765915,3.32234188514864,0.28922102376767
p0087,5.33223730193233,0.040102789738769,0.454040612404818,0.646158279652434,4.74463861124122,0.381704770371077
p0088,6.76000028260395,-0.542763020053979,0.462023374037105,4.15638299163224,5.69204470642558,0.516450765777885
p0089,4.90113066215131,0.189042016341166,0.713465513780294,2.97285084674412,4.25284578005928,0.381293767695145
p0090,5.64849505706812,-0.0771378777408716,0.719563369961421,4.1029999985695,4.80092592801294,0.437543447594275
p0091,4.34581408328827,0.362400338121786,0.754335234947859,2.41142784957759,3.76402664350657,0.33651096737955
p0092,7.4333285904356,-0.865402070859873,0.514021313442049,5.32846163393425,6.0982912917001,0.562442871238627
p0093,4.04111980368109,0.448673022715166,0.885854467257661,0.46023090100321,3.4577557557409,0.294787684354141
p0094,4.36349559536723,0.357201468487708,0.947934195121029,0.162502324194266,3.96468110569179,0.303917312023368
p0095,4.53606967401689,0.305351302855674,0.721146420424574,2.44294839624219,3.95620958761672,0.350309716210062
p0096,4.0330446708443,0.450874190050103,0.979118235857759,-3.24306742837278,3.41167922101771,0.316491161267046
p0097,7.59458291228289,-0.947213840002739,0.426060032889598,4.83897335794472,6.24783079066958,0.572574991180607
p0098,6.71672838029671,-0.523075261958047,0.649102018124423,4.74864765772711,5.24001613059575,0.458657361919726
p0099,8.80194201202033,-1.61554862465576,0.404893132621022,6.53807374305838,7.25638286096506,0.671262032498019
p0100,5.64072841464641,-0.0741777996210646,0.97416111814552,-5.47328998568556,5.47328998568556,0.446208275686576
p0101,6.0195231441774,-0.223291531621948,0.661504357726817,4.24082109757114,5.03012619694239,0.456118624523612
p0102,6.20059095468856,-0.297991824252746,0.743004299021563,4.85270021051198,5.25104330187674,0.463584551738807
p0103,7.3271492282581,-0.812491028078672,0.500404132766226,5.01616568409426,5.99111541044869,0.552297846810173
p0104,2.82989862254559,0.729636818950969,0.919803083914515,-1.8389925053971,2.36537474602642,0.18293073782762
p0105,4.95767256071985,0.170222850143085,0.903922766109963,1.3980550474666,4.28204119607885,0.323640525966689
p0106,7.23236999113123,-0.765903889672267,0.902274290301162,-6.7946821087936,6.7946821087936,0.497069369725911
p0107,7.23730465063311,-0.768314470783112,0.616934980422965,5.61555049189463,6.04987896376334,0.545976986328273
p0108,6.36241838210851,-0.366627767241413,0.412220633983621,3.09545935929792,5.548732875204,0.490797326408239
p0109,6.45269389667896,-0.405684704158942,0.700379048344273,5.01289558553732,5.45925024548996,0.490860215687693
p0110,5.56701601740055,-0.0462867700101115,0.538658418901553,-1.91547280922004,4.81127293596286,0.366540209583874
p0111,4.66186697791261,0.266288127819434,0.654792682060699,1.98338582514248,4.09368556871361,0.35157685927402
p0112,8.92594148024978,-1.68976205455029,0.760151370816599,7.83662432122257,7.90507639503623,0.630821912588311
p0113,4.8403734162775,0.209023599180953,0.819438186386773,3.06584922802634,3.78941970834194,0.321292872056058
p0114,5.3324054820991,0.0400422379629836,0.896993064894372,3.865853849795,4.21303905963145,0.302580014077185
p0115,8.54928934941398,-1.46754921867901,0.494367739015961,6.64792936674386,7.10249788392298,0.648584962516488
p0116,5.80197346491518,-0.136468149084726,0.957778769743474,-5.58467120593186,5.58467120593186,0.437866491925973
p0117,6.45990193593379,-0.408826923467361,0.476237033234459,3.77246642016861,5.48341357401353,0.49425185441323
p0118,4.87538279359857,0.197540297157393,0.601174482909057,1.91090828405996,4.36357367370736,0.372204613510918
p0119,3.87534886274893,0.492977303605152,0.850792943429285,1.54628438604807,3.00516309152228,0.262888906609711
p0120,3.47031113986038,0.59342317433171,0.986776486141159,-3.22131460927864,3.24283615676482,0.281108236059611
p0121,6.08597365141778,-0.25044883911039,0.723554907196778,4.67030033585447,5.17861289841847,0.466029836097539
p0122,7.42916584486529,-0.863313364618542,0.565301229968134,5.59596121742085,6.15661386139198,0.563475022360262
p0123,11.0537274112809,-3.12499373383629,0.4188047728009,9.29743659564863,9.55172944571914,0.848820801241279
p0124,9.37477629891546,-1.96706881416153,0.423211560933848,7.37793588136026,7.81575344853954,0.71604170501658
p0125,4.97546027366001,0.164257826800291,0.931913996299379,0.883697217161534,4.45244078304181,0.329293495311716
p0126,7.09072338020299,-0.697410477358309,0.422469192250028,4.41717016441798,5.9681760453598,0.544061439407928
p0127,4.62158284464445,0.278913645968207,0.981605053081188,-4.28584089272665,4.29159397759302,0.374572086928046
p0128,11.544596330843,-3.49949005241637,0.552150196870073,10.211082692634,10.3036104342212,0.871381307391901
p0129,5.11496006539486,0.11673649433453,0.614276141833018,1.48784790677525,4.19781705965297,0.353611749392945
p0130,8.42092945294227,-1.39400939367179,0.386452467573437,6.10281514206468,6.96644335271528,0.642786017617178
p0131,3.52376890097576,0.580800622690135,0.94305902241888,-1.28142081601096,3.04981380211601,0.275100507381517
p0132,3.2240854846025,0.649071299030365,0.96735430487118,-1.09283130265883,2.8826412913891,0.250535295124501
p0133,2.75992728811386,0.742841387972829,0.982051764161382,-1.50810357305782,2.39164843222447,0.212618949084354
p0134,4.66188361833423,0.26628288987646,0.638836389240924,1.82485712197232,4.15843551385654,0.354350214952822
p0135,7.98113389399097,-1.1504779089392,0.673223965176808,6.46150280934644,6.66755495642578,0.564565165801785
p0136,8.27749727631402,-1.31315047365896,0.435258130364371,6.13541281550686,6.81724646439076,0.628038179156503
p0137,4.79823717799497,0.222734815677371,0.704855524868213,-2.64122284963651,4.03074999663217,0.298322643208916
p0138,6.78415813113931,-0.553809300646922,0.455584562799589,3.95549507100203,5.6730888853827,0.514824523915653
p0139,3.65114809178598,0.549945934719518,0.770808024840428,0.994032034616957,3.16924696007535,0.266005275527524
p0140,4.39114951350941,0.349028101287626,0.950279178420913,0.0728562110701059,3.99867731307274,0.304566651437139
p0141,4.17994110440673,0.410143842622577,0.749500906926563,1.59406026712785,3.26650046537787,0.280508279909152
p0142,7.6277963203467,-0.964282592093007,0.565875143167258,5.57277823321122,6.13260651687157,0.550986830208015
p0143,5.84839664359702,-0.154727292023256,0.442630203871233,0.700746606108605,5.1016611723813,0.415268648472282
p0144,6.9094251794961,-0.611720124694138,0.655464085581542,5.37357094551045,5.80189318391066,0.522247320822781
p0145,5.22941218723396,0.0767665281075673,0.972214968882154,-5.02167207940447,5.02167207940447,0.409500664242098
p0146,6.41278941842567,-0.388352510423157,0.453815393813637,3.16609831482915,5.43130916146986,0.482112742972769
p0147,3.46894091908818,0.593744177265825,0.920113267796452,0.270170902900782,2.97113277841785,0.252668968612755
p0148,3.60770762931265,0.560591491890125,0.765469148742258,0.839546729586717,3.23078228567061,0.269961314650762
p0149,3.87544952262624,0.492950964038292,0.968628833203295,-2.79282622604961,3.23849694600131,0.298844190243405
p0150,3.81020470581239,0.509880016475962,0.900779679637501,2.09706480863578,2.97038338471016,0.237103323045106
p0151,2.87419527439207,0.721106537523291,0.951291597968173,1.21686110999207,2.30312440948266,0.175384531229149
p0152,8.77205361460708,-1.59781575853251,0.411629586529317,6.37072144781067,7.1664444644234,0.65994466318266
p0153,7.60827231428338,-0.954239957837173,0.841140311666324,6.61993793479104,6.69548178500547,0.513761782653121
p0154,3.45911753954067,0.596041797567395,0.772923867733214,0.185624180427687,3.17735926274897,0.257369049171127
p0155,3.71794381086946,0.53332833113929,0.968569554512775,-2.02224873681694,3.1765863859282,0.281649683220096
p0156,4.15618228586564,0.416830279777771,0.979646008904342,-3.63489761911787,3.67185976663697,0.332572117434898
p0157,9.64764268834077,-2.14230410739379,0.477577985360724,7.81251645850906,8.16443493366006,0.732831433449553
p0158,8.47159077974404,-1.42290134000535,0.402315273138404,6.17981490306782,6.99530187458444,0.646755438797315
p0159,4.97788419822205,0.163443321478425,0.979542707362016,-4.78891677104332,4.78954554792386,0.399879293064852
p0160,5.68991434662665,-0.0929926705792807,0.596074434320811,3.27675952476632,4.82083468130038,0.43280648651619
p0161,3.80875132624797,0.510253851776739,0.98305630158094,-3.4661994981426,3.50985906940856,0.30457595491972
p0162,4.98078963707657,0.16246649136185,0.65989779933351,2.65660508524065,4.28893038095101,0.377299993297933
p0163,4.53041877377663,0.307080970036447,0.91734601704721,1.12810208292774,3.91611154129489,0.29688660123839
p0164,3.58067023206931,0.567152968303334,0.97649869208379,-3.37798054446739,3.37798054446739,0.27098744816417
p0165,3.76765617715627,0.520765230356853,0.968391049084241,-2.33974138499024,3.16590147971622,0.292148798719134
p0166,5.47785727672813,-0.0130414547395916,0.638129009179897,3.30648783677006,4.65653344905523,0.415891989544998
p0167,3.9045912247377,0.485296715178446,0.954712283319999,-3.55140573373924,3.55775032121138,0.286472643373655
p0168,6.51678304886609,-0.433746326796296,0.688064216728598,5.04642319673438,5.48961974597656,0.495250005261141
p0169,2.17415989595344,0.840416217995828,0.977168245495802,-0.549584196859685,1.89244315416716,0.1702031503332
p0170,4.58330983046901,0.290807351655056,0.795501626727974,3.057394103951,3.8350479268941,0.339300690214092
p0171,5.67594624226698,-0.0876329075585458,0.692268290983061,3.52212478430884,4.27214556245002,0.368763822687605
p0172,3.47987324670703,0.591179521226824,0.959747179891784,-2.18861416219943,2.91403590425904,0.273152462184657
p0173,5.75136488509809,-0.116728590597889,0.619072554665461,3.60371897725865,4.85343107460218,0.435587319086816
p0174,3.89155462339869,0.488727947563334,0.842018772184189,2.08554461264625,3.06635471388933,0.26892587131141
p0175,4.79470275912837,0.223879473114088,0.609874534391017,-1.75768646981207,3.99744531225632,0.289558126960366
p0176,7.74920545005574,-1.0273099065331,0.496540344499597,5.71734996974913,6.37407751178558,0.585643051916119
p0177,6.12291756814096,-0.265676210948792,0.652374947204984,4.34293134306341,5.15183077675733,0.468834696180367
p0178,3.50466751803765,0.58533303409638,0.933051447165096,-1.59776341673336,3.01411353189469,0.274091969421843
p0179,3.31933968191655,0.628028909601371,0.795230140308413,0.356547120222391,2.97507258355151,0.244470605406295
p0180,6.76541586915414,-0.545235893718744,0.459361923971121,4.17928143176909,5.71002718222576,0.517446463617047
p0181,3.56730366707766,0.570378553850497,0.863945791627175,0.580902191831956,2.93398219685774,0.262592617296906
p0182,5.41434554384389,0.0103133087776845,0.978093757967397,-5.23919268830053,5.23919268830053,0.433405196349674
p0183,5.27674884656111,0.059976653578256,0.752925991142469,3.78696026970363,4.48935813740694,0.407451157157461
p0184,5.58319584484951,-0.0523774081426864,0.626634368645977,3.40872486358995,4.75297883748643,0.426507523329883
p0185,8.64961324286972,-1.5258012275833,0.398980205092711,6.43789616407984,7.1376743576046,0.658763621233359
p0186,4.52971128361117,0.307297371718114,0.690493208156831,2.1024022970318,3.96316524525495,0.344210841574399
p0187,3.80050109970069,0.512373255328346,0.967330193575319,-2.20725624448209,3.2174118293754,0.294081774834972
p0188,7.63163946591213,-0.966262436688904,0.903401110224741,-7.2217993697921,7.2217993697921,0.534162701309575
p0189,7.78192703396053,-1.04446698091965,0.412125576773351,5.35847249635594,6.45461573427674,0.593896605966519
p0190,5.0913412521373,0.124874767259603,0.575468091521749,2.12343623700187,4.54787831662245,0.391689972117225
p0191,4.74891552863296,0.238631891756125,0.740279554087227,2.95140879584627,4.05102043329901,0.365561774941915
p0192,4.09797871388438,0.433049440077008,0.873675955804109,0.348538691796592,3.4662485081786,0.301582042942715
p0193,6.10568210274138,-0.258560709118492,0.718632952980181,4.6803595223819,5.16344128712118,0.466220472878532
p0194,5.05144655193183,0.138535636605805,0.547049090287325,1.74903992399708,4.56415140018599,0.386366532114184
p0195,6.17158602535123,-0.285876815626845,0.63629217905229,4.31812094962355,5.18904065784956,0.47141053887237
p0196,10.0936379843029,-2.43954694141613,0.481046559553208,8.3703076159726,8.66013897042136,0.769846055742736
p0197,14.1083546100214,-5.71983371112256,0.378372258260402,12.6597873869184,12.7108735710815,1.09225720335139
p0198,3.38435653593223,0.613314390631156,0.95906318379203,-0.165027195133474,3.05549796788355,0.2432659786817
p0199,3.80000462436231,0.512500648445094,0.957105956528788,-1.84009320478619,3.25904673861669,0.287338916192397
p0200,4.61387979080421,0.28131539365485,0.978450189630146,-4.44916317307391,4.44916317307391,0.36973639398496
p0201,7.52973227101528,-0.914101049130731,0.900449079368793,-7.14283140502661,7.14283140502661,0.532581032130858
p0202,4.89024199284271,0.19264136717832,0.938915943875785,0.930482801569928,4.37681775305897,0.32069857434525
p0203,5.97355126126184,-0.2046780072566,0.714739057382346,4.3425167782131,4.93630243643311,0.438811425961722
p0204,5.42923108092004,0.00486398197818649,0.771949289265065,3.97161386687416,4.47532619346754,0.391827403426838
p0205,2.84579967222705,0.726589970254975,0.920922637721592,-1.55939275224188,2.53944249186171,0.219404737790679
p0206,3.76374335024509,0.52176011359896,0.973013973722393,-2.52831028717142,3.10646638097644,0.291071366831842
p0207,2.97379142170778,0.701443314414519,0.956657027939327,1.59792845068977,2.41366816190186,0.177134622075273
p0208,3.24971646765235,0.643469462068603,0.967097297847807,-1.23514503624896,2.8789245385371,0.253061192993434
p0209,8.07440053088734,-1.2010320661901,0.527594342252988,6.26093420433219,6.68744196095742,0.609945558216494
p0210,3.66128052420488,0.547444546227941,0.966685925361524,-2.24209543762955,3.08257677177093,0.27638858571794
p0211,3.32703464753637,0.626302287588906,0.945006737773257,-2.3506275405385,2.80232744706384,0.254654198500734
p0212,5.94891817803297,-0.194763051417391,0.519933675943649,3.1746127613868,5.0939761123226,0.456281736284374
p0213,4.57637670051822,0.29295130704091,0.91755063822705,3.46888320124153,3.72007106742841,0.273565296924211
p0214,4.21294878867634,0.400791242327108,0.973782136820704,-3.67494302097278,3.70545051461511,0.328563514362183
p0215,6.91916681220319,-0.616268072860807,0.559717870944004,4.92509001064359,5.75671252133483,0.524887181218273
p0216,5.34020205140505,0.0372330559744051,0.725066224108664,3.68956977504183,4.5104212648865,0.408903468759111
p0217,2.88876039182069,0.718272764503258,0.906310874584157,-0.959069088367547,2.54743518695635,0.228675709808368
p0218,3.80128059453161,0.512173207230985,0.971430130910802,-2.71004582539684,3.12215684010483,0.295359722836981
p0219,5.92752886875834,-0.186186966177447,0.430024292148915,2.5302632918882,5.25954275920914,0.456649279012998
p0220,9.67351406285658,-2.15917967615659,0.397317772556055,7.65549756678305,8.07862666011681,0.738879616164295
p0221,2.84432696698382,0.726872877166312,0.965831283862601,-2.13951957034675,2.41184602282169,0.22116628322314
p0222,3.99412618320152,0.461421076111311,0.905360935031153,0.148149131706047,3.46992529302042,0.291127331902384
p0223,6.3747723210868,-0.371940095403035,0.719652803040565,4.7298880343098,5.19246010175412,0.45070935764573
p0224,4.04974324253534,0.446317533444575,0.884956080571392,1.58292540965781,3.25899880010402,0.265585658099938
p0225,8.78451004393371,-1.60519886066166,0.396455135036038,6.62026214895321,7.2513061809784,0.668076398833112
p0226,2.03818052667237,0.859753804800742,0.980192224724439,-0.33902481000568,1.77049416122364,0.153516096511051
p0227,3.31114382668556,0.629863525994799,0.965385792424272,0.754938157457484,2.89660308826151,0.215266513361386
p0228,4.41929427887376,0.340656641230837,0.661826401179393,-1.48552745839584,3.65794670830086,0.265328963274367
p0229,3.96575603648,0.469044920364999,0.959855609590315,-0.037752934741054,3.62184583195914,0.278741585696983
p0230,4.54572423311657,0.302391179021638,0.702091858867785,2.25953469679601,3.96004723434731,0.346514518585833
p0231,3.67630253175503,0.543723313788601,0.958918878401708,-2.58265987200272,3.01480021215472,0.283436928431651
p0232,5.27208642653255,0.0616370878869918,0.824093770450392,3.93424515976055,4.30514855852975,0.358041167572306
p0233,6.34538223449002,-0.359318941980876,0.677693983327041,4.75926136364887,5.33303479245617,0.482587341599376
p0234,3.46545630197528,0.594559950727211,0.964302789011951,-0.578350969664616,3.14002528180834,0.25460720002781
p0235,9.94041382525853,-2.33591304402259,0.449329731340622,8.10877725272491,8.45661662450235,0.761923348501986
p0236,7.04201101759964,-0.674168601181393,0.447369967210401,4.31765286566379,5.86763356526057,0.535483753665655
p0237,2.65927522950578,0.761256053499496,0.947220063439636,0.0401691735531004,2.22199445133557,0.194525425734438
p0238,8.24705240351622,-1.29616609791692,0.553628230518856,6.43313812057934,6.86097561440871,0.619483060649573
p0239,5.29617636306282,0.0530421042989537,0.720458606108235,3.60876356877562,4.46820089774555,0.405947813573313
p0240,3.26065577230097,0.641065091905552,0.970896044448422,-1.42128241356193,2.87658799464227,0.255268024089872
p0241,6.8850178419562,-0.600353530140177,0.935067420381491,-6.59527021314061,6.59527021314061,0.498077097646005
p0242,4.04660207303219,0.447176124159059,0.951475013542718,-0.931712187729074,3.61721586460066,0.297589849365555
p0243,4.23051775334017,0.395783145139485,0.986524262735912,-4.1041422997587,4.1041422997587,0.345144367533855
p0244,3.09208336278236,0.67721883842125,0.866691166128275,-1.2989071116523,2.38265553871315,0.176156932645892
p0245,6.44367315295007,-0.401757210229051,0.602491802421691,4.50747269013328,5.38173967751492,0.489982822073843
p0246,3.78225844792243,0.517043300108108,0.876568950066132,2.0935456395542,2.96594927149436,0.248431708375091
p0247,4.54931026273186,0.30129008598897,0.978810062794003,-4.09950689244296,4.14427477184321,0.364866536749587
p0248,4.53444823893703,0.30584782365082,0.850443114335165,1.36149890932645,3.67965639799342,0.309864647441978
p0249,4.19740591068691,0.405204421318857,0.794919010877764,-2.50642818411607,3.55345402468049,0.268761024140191
p0250,5.768539320063,-0.123407985450738,0.450224294088047,0.187123821553401,5.0310464603159,0.402827077689611
p0251,11.9846834430521,-3.84907528325678,0.398182648566504,10.3211291541375,10.5061425496982,0.924205075725909
p0252,3.42252335966482,0.604543576673959,0.957175600689509,-0.221903561450653,3.0949031360865,0.248806738275314
p0253,9.80316033318482,-2.24442697436249,0.566264400577784,8.27729051703503,8.47466355786836,0.731794594818236
p0254,5.08844644414723,0.125869632541615,0.726525328073523,3.35300568235829,4.34213583749843,0.391616135851538
p0255,4.16136414164442,0.415375201533457,0.895015318554313,0.314444610806571,3.5743824965343,0.299286110350074
p0256,6.08117825572567,-0.248479052544634,0.683715727964124,4.44981056569334,5.09701997871546,0.462135443893058
p0257,5.92585781749243,-0.185518255868772,0.770322051057059,4.39328348943808,4.80975784333262,0.407284281734582
p0258,7.50784269790873,-0.902988315882749,0.478407663027057,4.9396947971583,6.03708871968459,0.552170878222795
p0259,6.94664763914964,-0.629132219253687,0.47428584001907,4.11878255244975,5.68197358429566,0.515175523992368
p0260,4.05601885054381,0.44460019673456,0.704269510262889,1.00634211010935,3.61232079733408,0.302185745882863
p0261,6.89727423737147,-0.60605635462047,0.932639353239887,-6.61091817156644,6.61091817156644,0.502553743017037
p0262,5.80959671076693,-0.13945653492154,0.451093322041835,0.592968009177442,5.03914010614035,0.40862620705385
p0263,6.13439062273535,-0.270423874757927,0.449367186601028,1.86662015342633,5.19797310911368,0.43849867307485
p0264,3.45377473948198,0.597288705832527,0.954744960224593,-0.97659703649887,3.08104801460413,0.266176758884708
p0265,10.4849454577832,-2.71140324699124,0.396133164522664,8.51722245385232,8.8949226920105,0.804017268390368
p0266,11.1624288066698,-3.20652230513049,0.38562326249966,9.34118947131206,9.62033132997252,0.860321973385697
p0267,6.46521472679193,-0.411145187961748,0.6994740584923,5.02580448028819,5.46766368759949,0.491567915598184
p0268,2.58069258413516,0.775157534038983,0.959732378869303,-2.07002384117777,2.21703798187714,0.185630171001999
p0269,9.15770644674774,-1.83125657578969,0.395770906184959,6.97052251974214,7.58222011691034,0.699754613404124
p0270,3.61563357306504,0.558658656326984,0.762516622028956,0.795451066787903,3.23973669600889,0.269881830674662
p0271,3.84239682043837,0.501563060596914,0.724352401779471,0.749640377582013,3.46597455074793,0.284658980721783
p0272,6.27769536217154,-0.330473613383927,0.731586956657221,4.96500920828341,5.35387956217657,0.481376643997063
p0273,7.91378903644095,-1.11433953085467,0.392619731715563,5.42785670472278,6.57455027916388,0.605070263920819
p0274,2.61014065378962,0.769996939949524,0.890060373255541,-0.0495010415901828,2.1617998279908,0.18323922142503
p0275,4.9582021480542,0.170045564154805,0.967404418984149,-4.72811121556303,4.72811121556303,0.365834492053102
p0276,5.92222881206523,-0.18406667367974,0.522747564156432,3.19757050822583,5.09051619958934,0.455178559427892
p0277,4.90867776587349,0.186542553773498,0.862682007806015,3.23386556599483,3.82592385847981,0.29976677927885
p0278,4.75326693903317,0.237235976019247,0.846275340712198,3.28940233425508,3.79766141806344,0.312506231837015
p0279,3.89448874937696,0.487956686570093,0.962419045574801,-3.59992598326804,3.6006025696081,0.286313438618478
p0280,4.55341534411817,0.300028551827548,0.974683310658029,-4.21192012653474,4.21537485987522,0.357531959771604
p0281,3.90630896634786,0.484843750104877,0.972887656506579,-2.83398667198156,3.25910986391552,0.302492178080126
p0282,5.58657984489237,-0.0536534960810604,0.650168569205972,3.5593130853538,4.738534196186,0.430302049637768
p0283,3.66937987761544,0.54544007769615,0.914061546748849,-0.0930020398136895,3.20513125254816,0.275801511840963
p0284,5.8041392475049,-0.137316757695451,0.946605715688781,-5.53145806653901,5.53145806653901,0.421232600341558
p0285,4.75513919805449,0.236634969133622,0.973822828078326,-4.42038416824722,4.43174533557643,0.374872223257824
p0286,6.59832894872378,-0.469852372309768,0.691878689239895,5.08892612424498,5.54926950402034,0.49433429395205
p0287,2.22467853630514,0.832913900206127,0.981828826660304,-1.44706130487726,1.90336781123865,0.173956970270937
p0288,3.78160294445341,0.51721068811889,0.893967351374293,-0.090759538140043,3.25670550588947,0.286635834931388
p0289,3.79389642804587,0.514066619436986,0.937102620323136,-0.369855614439085,3.34864472963818,0.274002159042779
p0290,3.5883275670432,0.565299684692729,0.951634069912517,1.00084334094362,3.06478456696817,0.227961282332727
p0291,4.76047620326355,0.234920458040681,0.975109692020125,-4.36396591870269,4.39344231986011,0.378487024784727
p0292,5.63817028480104,-0.0732037186198935,0.549917058294283,2.95329194901851,4.89938561905335,0.433349749175187
p0293,5.1822498468097,0.093344110809581,0.6619222333923,3.00950183637365,4.4256573904958,0.3939413139951
p0294,4.94355846347756,0.174940743190099,0.797389228367464,3.48290649940442,4.04441607569464,0.35541319807742
p0295,5.54983880302135,-0.0398400254561897,0.721310734815256,3.97872232583134,4.71089553087028,0.428867983422129
p0296,4.18417839501576,0.408947338300678,0.84284479702065,2.00097993534262,3.20719498659413,0.276211262034441
p0297,3.0960227747902,0.676395847677819,0.8985405761804,-1.88080597433924,2.6381842007406,0.212319765148098
p0298,6.95701635511281,-0.633999204543432,0.64427859948684,5.37636606416906,5.82671074733952,0.525083062146239
p0299,5.49149345265566,-0.0180913144176571,0.450692883486947,0.360992854263526,4.80861635254259,0.382007512820293
p0300,7.35062971179239,-0.824126209804805,0.552058632163149,5.25555269026463,5.97871268327609,0.546660792212293
p0301,3.33387920845613,0.624763122506256,0.967692851730464,-0.990939410583145,3.00085533460777,0.252788989798
p0302,9.0668920200546,-1.77538143811556,0.39429536890329,6.91885518402182,7.50017741408351,0.691184921004729
p0303,2.4807968846843,0.792227431871326,0.902029321223573,-0.372137928798607,2.02614993962286,0.169012807071465
p0304,8.4607970320943,-1.41673118237402,0.439649614601344,6.3359242446904,6.96078586134924,0.64307602658745
p0305,5.85495588234243,-0.157318901252301,0.423147392127716,2.3166598460756,5.22864551572421,0.450426428064894
p0306,6.30663447954584,-0.34276840482788,0.736045724719297,5.01448971640856,5.39720374046547,0.483283153470523
p0307,4.4120095851005,0.342828551707406,0.775901527735355,2.66055443942401,3.73845566495845,0.333340181035116
p0308,13.3423675003548,-5.00996010867956,0.414851331827073,11.9226465121178,11.9868898208909,1.0310364070341
p0309,3.63786842905828,0.553213782148763,0.849993657567847,1.9575631511732,2.92650285476803,0.255878806985328
p0310,5.26819427096604,0.0630220827390936,0.599934291773922,2.69703900686785,4.6117754164008,0.406011817868813
p0311,2.75858972478671,0.743090584812801,0.936609847546323,-1.97439694015241,2.37177669620295,0.195023781367154
p0312,5.93718680351743,-0.190055508875524,0.433685205957341,0.952280822265027,5.16759287691083,0.423470083111689
p0313,6.69504947914246,-0.513259378152006,0.433874162878638,3.04182297518913,5.55871445822717,0.484833341883789
p0314,10.4876827277727,-2.71334134745552,0.467502784672918,8.82888095693966,9.06612003942294,0.802964434716518
p0315,5.41335003397923,0.010677213253343,0.431946518816073,0.971864321351347,4.88403096919007,0.399136883783742
p0316,5.50705523696186,-0.0238696207957132,0.429867665351221,1.32269530943047,4.97007961223779,0.412763902257699
p0317,4.21688423364872,0.399671240816158,0.943566005758578,1.01416081637756,3.72335228679517,0.276125581077119
p0318,3.71842178386707,0.533208334277742,0.913705178099125,-1.44114425574745,3.19409385976447,0.288401738109693
p0319,7.46036917467047,-0.878998485463835,0.446938264548322,5.08112901256066,6.18982107119998,0.568074159788373
p0320,13.2283322127806,-4.90766660700213,0.415287658006271,11.7979694958835,11.864541412136,1.02167489498871
p0321,3.87675355865845,0.492609676425978,0.966433931163953,-2.74231328631656,3.24006199086335,0.299410448574216
p0322,3.25692648497063,0.64188566667399,0.821938224629142,0.999048858276569,2.95851030973792,0.255337884364774
p0323,3.17580508786538,0.659502856874968,0.81902649517507,0.330479480199401,2.70560277672648,0.220649340337736
p0324,4.44142946244341,0.334035114807139,0.648027919722988,1.38655486412338,4.01972991805352,0.336757322274737
p0325,5.26272994828292,0.0649647956096114,0.979859355338889,-5.14861469179661,5.14861469179661,0.414562050721698
p0326,3.7874552545734,0.515715227542872,0.965309646760397,-2.66694245425719,3.1784179859932,0.29312803433787
p0327,4.3701065601162,0.355252234218654,0.942029079897051,0.570260772541012,3.92446827382367,0.29701118721462
p0328,6.15571941491846,-0.279273560035724,0.566606007351773,3.85382153088556,5.16906618540026,0.470626365176048
p0329,5.59379812645187,-0.0563780543242078,0.942278032618095,-5.26901901668073,5.26901901668073,0.398667455748494
p0330,7.36614230137852,-0.831833516776518,0.494555447109279,5.18981983128382,6.07267404069006,0.55864081893248
p0331,5.00573908823362,0.154054838453091,0.93442128587251,1.21091657490203,4.44459760733583,0.323203258414347
p0332,3.6703867294906,0.545190587418917,0.864519091626902,0.755243385108738,2.99393926011122,0.265929397303054
p0333,3.78429915050252,0.516522004761647,0.986004856178083,-3.58068017212994,3.58077155350471,0.308875767891321
p0334,4.60820036102478,0.283083626359515,0.842393283728091,2.40661565743916,3.57007310558039,0.296878455740881
p0335,4.86480001330786,0.201020244559856,0.904064251380055,3.44643961683377,3.83405303899076,0.279516998255476
p0336,8.99819522196119,-1.73348449368601,0.467106164502819,6.96901935772473,7.45689889299446,0.679641770364009
p0337,7.59555898209557,-0.94771439119966,0.441177039980638,5.24374458276083,6.29140174191425,0.577964841496417
p0338,6.35718155258089,-0.36437898356238,0.584226745979595,4.29752169290834,5.3274135808801,0.482903506558009
p0339,3.80283435665611,0.511774330229719,0.804848657025811,1.99359173187971,3.36403549163258,0.301967148236067
p0340,11.0312958683196,-3.10826886189353,0.450309876081561,9.37871556073212,9.60813137530766,0.846898930033766
p0341,7.96784596922338,-1.14332313588973,0.392557193751875,5.50370864708909,6.61693959755094,0.609496688406141
p0342,4.03913411175515,0.449214702552496,0.980146352815609,-3.429434344763,3.50113924528273,0.322615950648116
p0343,6.55023522293872,-0.448503617703522,0.960490185475002,-6.37113573791017,6.37113573791017,0.503592076085362
p0344,6.54934454428598,-0.448109719319233,0.4384788483442,2.7641766637628,5.44851440502729,0.471042873328928
p0345,2.96057373799284,0.704091420710368,0.853158096871724,0.790648680529995,2.50316464085856,0.211671973854167
p0346,7.63938786367699,-0.970257153099261,0.537987530642944,5.51326377251161,6.15487954384004,0.562712916083896
p0347,7.01752159945296,-0.662544613463608,0.534867148099656,4.92083154204148,5.79724090879451,0.531635685514941
p0348,4.21380626908853,0.400547298198042,0.976911251809004,-3.59478684546875,3.65457007791939,0.334068287753505
p0349,4.23486395668564,0.394541028500747,0.807397119235085,2.24290475682327,3.33807365992486,0.292665082164416
p0350,4.32876275671652,0.367393921005396,0.684220549391559,1.57342833076165,3.84094509056685,0.326159179771279
p0351,6.19987076544752,-0.297690322197272,0.454072686244192,3.23351040131729,5.37075837673767,0.476672961641767
p0352,2.81763474658905,0.731975076509889,0.856800880352082,0.22859877210351,2.51188480350138,0.206684374791707
p0353,4.54172615358972,0.303617768608631,0.979954852318535,-4.40672690423712,4.40672690423712,0.360293806488684
p0354,9.26726180704908,-1.89940348634311,0.40542954420895,7.2355682914132,7.68162975257572,0.705096389426383
p0355,8.5079368105394,-1.44373609440379,0.396631282403363,6.13906321841632,7.01531317658119,0.649345963117789
p0356,3.17803436127322,0.659024661507712,0.845309188666547,-1.11163212520293,2.50585204614503,0.186984121250085
p0357,7.58269908761159,-0.941124698991778,0.40593734865168,5.08889901488528,6.32496913632238,0.579746025393334
p0358,4.35223920497816,0.360513610473779,0.680884630516656,-0.454171272933304,3.73010026278518,0.293514067821014
p0359,8.01873923197581,-1.17079080411189,0.428677825410843,5.31269045238894,6.4764204413294,0.590388000190836
p0360,9.69720097933985,-2.17466998130948,0.39482056490322,7.70062189060056,8.09814856831736,0.739751419878057
p0361,6.51519763480768,-0.433048803166592,0.956689601703112,-6.31718607748384,6.31718607748384,0.489748684852481
p0362,6.02604022406462,-0.225941776192362,0.469362187074561,2.1994623426443,5.11442940387783,0.437844590867195
p0363,6.27427955402028,-0.329026137538035,0.672129365386335,4.6431330333803,5.24417719008244,0.475428239735312
p0364,4.95740684000218,0.170311796344431,0.980768795600997,-4.74889801542825,4.74889801542825,0.402233329072421
p0365,5.83115280835679,-0.147927967866465,0.574010434156246,3.42549373368211,4.98096255180262,0.446825796156201
p0366,5.33684733160569,0.0384422981762432,0.681813626860794,3.39531446730562,4.51447759668127,0.405284172755404
p0367,7.31668112294013,-0.807315811082715,0.469134554505878,4.80329775015668,6.00140447846122,0.552565836841773
p0368,3.12595229977254,0.670108986318428,0.872384992810577,0.980722556704447,2.46250959310216,0.217037674679561
p0369,2.88213858870821,0.719562870897621,0.907907116233001,1.2129625766212,2.25818902561823,0.1907715050097
p0370,8.83192819376555,-1.63340011999486,0.427959398541319,6.81192685130638,7.30046698738899,0.670210582211666
p0371,5.6365515076763,-0.0725875512652601,0.897643149519225,2.0877465313508,4.84333490884657,0.352687049912155
p0372,2.9299551738205,0.710180405722646,0.986620661274471,-2.31436103982017,2.53822088163777,0.231744781311006
p0373,4.45405395885391,0.330243803816,0.862027163898776,2.03093090484312,3.52644980456134,0.287835641538854
p0374,3.92240617390975,0.480589266768382,0.970644099222868,-3.33373449300779,3.41113482590198,0.310235174881508
p0375,4.92813200316347,0.180081932639995,0.980809448847985,-4.7329454632431,4.7329454632431,0.399928222488587
p0376,5.85063469216313,-0.155611236940461,0.443682498626779,1.06189629631846,5.09422132327359,0.418984636444398
p0377,3.43827507862099,0.600895126605071,0.848124457976344,1.15084478218087,2.73212044101683,0.243215617412581
p0378,4.18674440185395,0.408222173128199,0.984749834560153,-3.8684961984065,3.87995210315219,0.341569077096664
p0379,4.14404203580463,0.420232193179839,0.701381496172918,0.828669235319176,3.48671597555205,0.288502441088321
p0380,2.78400641040182,0.738334627545607,0.963407766352192,-2.3437362702319,2.44781371571106,0.208582314400787
p0381,7.64892602457281,-0.975180155266662,0.421908711465838,4.75971685458201,6.24644227491688,0.568027451509079
p0382,5.41204715927114,0.0111533725692016,0.637455340189774,2.53790517794125,4.18819556720087,0.360233526947256
p0383,7.31706381978734,-0.807504878267567,0.408978693124474,4.50026360937079,6.12272871981382,0.559029413528299
p0384,3.72474583272748,0.531619206540717,0.98587150815178,-3.21153354647644,3.28937409326181,0.301691048868159
p0385,10.743468397694,-2.89668063687992,0.418694942605923,8.94387128369967,9.24484889834996,0.826700184794398
p0386,8.25576457796069,-1.30101999359614,0.393609636297193,5.89623290229598,6.82950947090315,0.630215180251213
p0387,5.68355482593308,-0.0905507972481658,0.44285221248965,0.75811951330677,4.97034612020396,0.402832691623449
p0388,6.36802036838972,-0.369035405327658,0.588639194474179,4.33441496853507,5.32402000632772,0.484124497284174
p0389,3.78758990531717,0.515680792567628,0.970000365704366,-1.63726631403142,3.31773893312661,0.283046220780356
p0390,6.59930511017389,-0.4702873064781,0.718338229209065,5.20903399671021,5.58369515937092,0.492094242894928
p0391,5.2321745309663,0.0757909072632484,0.485828419788631,1.44697823260976,4.74130536349271,0.396254419520005
p0392,7.43336884288772,-0.865422273709762,0.489232394179745,5.25418020225474,6.12092586560589,0.562828227038795
p0393,4.88811989644147,0.193341913741959,0.69785999653358,2.8201046345415,4.17914751226407,0.373521399262798
p0394,7.4910507050495,-0.894485412356526,0.555796624826768,5.66237362383689,6.21175763060075,0.566626758675287
p0395,12.2290785098777,-4.04885918747436,0.39575197342305,10.5880369558753,10.7633125410536,0.944051178427119
p0396,3.82940781350228,0.504927240991965,0.731457399483941,0.867933373339474,3.42608664804987,0.283753605426407
p0397,10.779595484259,-2.92293145400631,0.434701817561703,9.05101860950167,9.31077885877598,0.82835758325253
p0398,3.81510829039437,0.508617674168586,0.945689044789022,-1.55946943555362,3.30669254098352,0.29573446288306
p0399,7.60433558273732,-0.952218124915169,0.571939016372918,5.78949343367492,6.31461639022551,0.573471160626559
p0400,3.77592052050891,0.518660524281856,0.95078253013922,-1.68149455279528,3.23681949950197,0.283102365341185
p0401,3.29860689507341,0.632661103517028,0.964663672806224,-0.894021425400591,2.96553371485101,0.251168428873712
p0402,12.2235859279979,-4.04432490554341,0.434457109219913,10.7130549149824,10.8310837991459,0.940432723735611
p0403,4.64798611521412,0.270650925549954,0.973640597055405,-4.29996075403077,4.30333942790831,0.364438695675935
p0404,3.33053722360564,0.625515043820206,0.961519985865366,-2.41305235322457,2.86634604920535,0.263244170630228
p0405,3.66606742440948,0.546260395515116,0.792218281113104,1.5362613753429,3.26927699926482,0.285636515912584
p0406,12.2151910823,-4.03739865848397,0.408828379812048,10.6308152576463,10.7768823880051,0.942174428826728
p0407,5.69235206736439,-0.0939294093389609,0.420068777550342,1.91616332285485,5.12746369303535,0.435246842883866
p0408,5.18137608758462,0.0936498205633617,0.721423418301629,3.45008139574009,4.37921641589919,0.3957880355791
p0409,4.3700336164831,0.355273757653528,0.868843676288271,0.926768633811492,3.64849528034279,0.306956286612078
p0410,5.6424532599877,-0.0748348331508408,0.608405119400487,3.38654728197761,4.80995398130107,0.430226690462537
p0411,2.38408406530669,0.808111511411327,0.938421561678415,0.330354190974064,1.9306375289825,0.167962692633486
p0412,4.46000448818654,0.328453045940621,0.896157635929731,1.37631157950325,3.71144620459124,0.289867393206083
p0413,3.60335497866644,0.561651133172122,0.811498830873473,1.68761186605324,3.2301847772265,0.286100926009426
p0414,4.75828698702994,0.235623975653274,0.94254052519671,0.806059064088708,4.27751029210491,0.315119299665497
p0415,8.48205983126751,-1.42889340282897,0.445388286305675,6.1103171581781,6.86279822575877,0.628076977991094
p0416,5.96230178744019,-0.200144947284864,0.435087453150621,2.51615996704782,5.27231810315757,0.458812635982909
p0417,7.53275337341201,-0.915637320311258,0.393441868059045,4.95896584016372,6.31234954977987,0.577703454315394
p0418,6.59761413805963,-0.469533925245911,0.412356380576693,3.48211787719772,5.68203029141584,0.50822717408243
p0419,2.41586525498997,0.802961447786496,0.901626750867545,-0.262776881234841,2.05422598207041,0.174203833385039
p0420,12.5212680088953,-4.29300634904142,0.404789492910454,10.9601686712996,11.089109020865,0.966179002014411
p0421,5.0697498096331,0.132281519093149,0.5984590176163,2.30542761978386,4.4872816094182,0.38851880480397
p0422,3.97263599090086,0.467201077549724,0.917142054745605,0.597937047904442,3.45978189220519,0.278230904569165
p0423,3.62342333715397,0.556754896805869,0.918288337413266,-1.07268671698006,3.12751631988523,0.282186591215557
p0424,5.84016607019043,-0.151479434300295,0.436598998928514,-0.921693797999287,5.13950462753421,0.399058751103734
p0425,4.23833146895739,0.393549121348183,0.955341805513359,1.0276704613453,3.76523232450173,0.272372647227845
p0426,7.4944489021484,-0.896204609114599,0.402711354753289,4.9481705384513,6.27175694385007,0.574152583090925
p0427,6.29594813687733,-0.33822172428108,0.618294715983017,4.35444080690257,5.24697196113571,0.47881137434703
p0428,10.4515591203676,-2.68780505409812,0.408876038104243,8.5507237490038,8.90778693613027,0.803679818394242
p0429,5.85507260512804,-0.157365045693086,0.439499147708378,0.905098839547594,5.10838220376866,0.417973833248326
p0430,9.00652303385195,-1.73854650403383,0.516265715168068,7.22415380849645,7.59998260631133,0.68368309494382
p0431,3.68288979167267,0.542086720578875,0.931271275556294,0.371364203576599,3.23934539293709,0.261659117018782
p0432,6.12721742443698,-0.267454492848546,0.916924093577363,-5.6747302098805,5.6747302098805,0.415475194534088
p0433,6.10355327324921,-0.257683233341118,0.419973250477611,2.63582472346955,5.38134988011709,0.469489985453638
p0434,3.24750717835763,0.643954065178076,0.900012817814358,-0.766058549744263,2.80939926116831,0.255826028086498
p0435,7.1321156459791,-0.717285667254515,0.500719266329261,4.87235443349026,5.88533470157669,0.541441236785739
p0436,7.7517734251547,-1.02865377178525,0.571929096001851,5.97848094117391,6.44313757830768,0.585587491904896
p0437,3.37866757677482,0.61461330207716,0.924059019273066,-2.65233128233421,2.77872509039775,0.212627652402013
p0438,8.80348271176853,-1.61646436070347,0.423099403477284,6.74275788230404,7.27762084216167,0.668274287958472
p0439,6.82576229127662,-0.572925349746008,0.611220242927029,5.05821124392595,5.68943546789416,0.517791053608589
p0440,5.01546069014528,0.150765842451738,0.81593573673855,3.21356289397237,3.92100817528464,0.329797347654011
p0441,12.3522124275243,-4.15104442914798,0.41391832646093,10.8035798075763,10.9281895303311,0.952176286970502
p0442,3.15127985663388,0.664741545284982,0.969768393787562,-2.03140983814166,2.71768105081223,0.249432294157008
p0443,5.87380614590904,-0.164782965925862,0.627065517717778,3.83258444223743,4.93193050003388,0.443362350455018
p0444,6.31833221933319,-0.347754240835505,0.4304630713376,2.73844960674347,5.43068608814061,0.474535819297678
p0445,3.90238616957386,0.485877891848979,0.825674122238278,2.2903507006688,3.24144314571813,0.287267009524319
p0446,3.35714254096405,0.619508153464066,0.975406527812964,-1.7462596740862,2.89501111617599,0.257772337648668
p0447,3.52944960673007,0.579447941580518,0.939514348331339,-0.253713275798723,3.14250940298029,0.261718711049666
p0448,9.55289802255721,-2.08088916916348,0.502447239099164,7.85783849838618,8.1718580549576,0.730241353156146
p0449,7.87107183414243,-1.09157549023417,0.45838545604973,5.68388920948116,6.47988338769284,0.597042649319253
p0450,5.304919511284,0.0499129686143929,0.526063835812561,-0.525482485355819,4.66467893792915,0.367168138059148
p0451,7.70681774148679,-1.00519202678289,0.396579683471894,5.19564450746904,6.42536343884848,0.589794292716704
p0452,11.9943197921852,-3.85687626829335,0.407095571356574,10.3789485237071,10.5269103382471,0.923029319997382
p0453,5.77880393981051,-0.127409558354965,0.838474384053342,4.58608555109866,4.75701032846376,0.378168165152283
p0454,7.00692342301551,-0.657526706304882,0.427623924889793,4.35777133345304,5.90753218849839,0.536553519498246
p0455,5.80505399015966,-0.137675272226733,0.720715238553964,4.31080641860439,4.91779476272588,0.446885536035125
p0456,4.11610116539699,0.428023912499984,0.740044301152797,1.84161219777152,3.73201995799899,0.326017816660232
p0457,10.7505659339471,-2.90183092291993,0.423611053259452,8.96347880396484,9.25555828001488,0.826636547496367
p0458,5.85350794739751,-0.156746560380908,0.867322622000485,-5.15975768246942,5.15975768246942,0.37350132134363
p0459,4.14058425741836,0.421199303171594,0.882242469314947,1.08876261934628,3.39897553686594,0.282608381178962
p0460,7.53120408038039,-0.914849406995681,0.408734758976461,4.94229561530002,6.28926160291076,0.577512953245065
p0461,5.21133812933587,0.0831373163707722,0.68684355212143,3.25650423147293,4.47983934608781,0.403012783344994
p0462,6.7968184411411,-0.559614018728351,0.653231532461636,5.20930731120165,5.69833905596366,0.514960063794232
p0463,3.8274699092714,0.505428185724851,0.755381565886129,1.35112521180608,3.43043891151461,0.29344304232257
p0464,8.95770215064487,-1.70893776485351,0.437000678770786,6.97404699018072,7.41129830569711,0.679486305921339
p0465,6.54833925596849,-0.447665199704401,0.675951565043708,5.01683166265408,5.51909239866772,0.499382330667878
p0466,5.97089628004146,-0.20360739228323,0.793757002962516,4.54962820695522,4.90085110322802,0.405746482962873
p0467,5.08310465276818,0.127703972810314,0.660210120861666,2.83508603302435,4.354023159958,0.38418559597943
p0468,7.43198622469979,-0.864728395347527,0.624708442848911,5.60369090504639,5.92084466936,0.51953437112201
p0469,2.76886392425984,0.741173334157685,0.948358229560594,-0.0289913352765505,2.33149519705125,0.200908707181613
p0470,10.4048918743106,-2.65494574903543,0.415754532752444,8.51147674973873,8.82191638218567,0.79294723392656
p0471,7.6741234408972,-0.98821503436517,0.905934113523154,-7.27829436063323,7.27829436063323,0.535459020243238
p0472,5.88741153977562,-0.170185147773018,0.440647481880132,0.3621132611576,5.12593076168963,0.41363709510137
p0473,3.711625338122,0.534913156958536,0.940369901896549,-0.0656250560327444,3.30942951622266,0.267706084902233
p0474,4.44375381656176,0.333337887357486,0.778153114682732,2.7960203020543,3.82300203212081,0.346463081944976
p0475,6.16391207457618,-0.282681001649237,0.412088046481011,2.75925515382432,5.43658869214697,0.475846732544688
p0476,5.79392073565286,-0.133315663317874,0.666135906473026,3.56302154559838,4.52816474668887,0.401856604432155
p0477,2.9478263965689,0.706634121802315,0.978819037817407,-1.63826868309133,2.54986612212102,0.236357465829368
p0478,6.44451008427358,-0.402121366100329,0.676696954299874,4.89046981796959,5.40653589611482,0.489972451085627
p0479,3.62982247354301,0.555187930873091,0.917929829496741,1.50701055210997,2.87009940829124,0.227716739056593
p0480,6.54782604082248,-0.447438291914952,0.43693593255274,3.23650091212052,5.54522347922164,0.492209031834462
p0481,5.00085269163414,0.155705586105438,0.560490338530975,-1.1982006512075,4.31750118169287,0.325257811621601
p0482,8.35105626480724,-1.35444533516054,0.395446088810655,6.0288089289109,6.90127798070068,0.637280249047013
p0483,2.97967245053899,0.700261283532642,0.940439595030109,-1.71347486937256,2.580896085889,0.235751444554858
p0484,4.2566104875299,0.388306855008526,0.795505592744362,2.65649925217073,3.68975599034635,0.334118479231054
p0485,11.2237977313362,-3.25290278095927,0.390648488773514,9.39544451793752,9.6781098113104,0.864618782443085
p0486,7.35705645747971,-0.82731731603067,0.511190741139267,5.26080282565097,6.05847608489083,0.556995394641086
p0487,6.0404027796036,-0.231792596754668,0.438511551178647,1.31234651289013,5.17558844777547,0.428736245607248
p0488,7.33356247187204,-0.815665259475472,0.398505245869714,4.67843453666606,6.17201715676437,0.563252507315367
p0489,5.31499909994171,0.0462991213825142,0.652058560413574,3.14691140924329,4.52113630330049,0.403209847664208
p0490,6.44733363234023,-0.403350264587311,0.813843566400336,5.21950765335192,5.35351559932335,0.423646830522573
p0491,5.60168709761658,-0.0593597895899713,0.669201580606026,3.68702021498034,4.75858344495582,0.429946033075279
p0492,3.36583814813827,0.617534515147236,0.961723884092439,-0.429435455713251,3.04703532852556,0.2470665982584
p0493,4.08005069488112,0.437999229963301,0.973700818918639,-3.88257547188234,3.88257547188234,0.30959308704111
p0494,3.53920536524766,0.577119830929561,0.945651623110834,-0.130963163381666,3.14693830526738,0.255434886791654
p0495,8.38107066369696,-1.37139989785311,0.394331102438041,6.09702014954184,6.93008887601747,0.639023863970549
p0496,4.84609214104325,0.207153475516777,0.97594317260099,-4.57560657536803,4.57575338973062,0.38349244457921
p0497,2.42936179517587,0.800753735994143,0.928056111658986,0.329714543072008,1.96169226297659,0.171481731607241
p0498,6.84099433790895,-0.579953313508336,0.662623412462567,5.31678611210895,5.75750719210189,0.517587823866081
p0499,9.08420849680911,-1.78599273066797,0.418807324333871,6.90618673957318,7.51539720539062,0.692932942945267
p0500,7.39624788333283,-0.846837601189221,0.424502827890093,4.76563009880416,6.16444925099727,0.566311628548955
