Time,FLOW,TEMP,SALT
2013-05-16 00:00:00,0.0324,15.3409,0
2013-05-17 00:00:00,0.0337,15.2883,0
2013-05-18 00:00:00,0.0464,14.9034,0
2013-05-19 00:00:00,0.0651,14.6352,0
2013-05-20 00:00:00,0.0937,14.3989,0
2013-05-21 00:00:00,0.0612,15.2562,0
2013-05-22 00:00:00,0.0584,16.0264,0
2013-05-23 00:00:00,0.0591,15.6816,0
2013-05-24 00:00:00,0.0422,13.7595,0
2013-05-25 00:00:00,0.035,11.8135,0
2013-05-26 00:00:00,0.0321,12.6713,0
2013-05-27 00:00:00,0.0305,12.9692,0
2013-05-28 00:00:00,0.0303,14.819,0
2013-05-29 00:00:00,0.0302,16.2132,0
2013-05-30 00:00:00,0.0284,16.7999,0
2013-05-31 00:00:00,0.0309,17.0846,0
2013-06-01 00:00:00,0.0296,17.2773,0
2013-06-02 00:00:00,0.0473,16.9819,0
2013-06-03 00:00:00,0.0431,16.8058,0
2013-06-04 00:00:00,0.0291,16.4354,0
2013-06-05 00:00:00,0.0267,16.0664,0
2013-06-06 00:00:00,0.1499,15.2289,0
2013-06-07 00:00:00,0.1287,15.0014,0
2013-06-08 00:00:00,0.0788,15.4024,0
2013-06-09 00:00:00,0.0587,16.302,0
2013-06-10 00:00:00,0.0639,16.6768,0
2013-06-11 00:00:00,0.0672,16.4208,0
2013-06-12 00:00:00,0.0525,17.17,0
2013-06-13 00:00:00,0.0513,17.817,0
2013-06-14 00:00:00,0.0428,16.3374,0
2013-06-15 00:00:00,0.0343,16.3401,0
2013-06-16 00:00:00,0.0327,16.9004,0
2013-06-17 00:00:00,0.0339,17.4589,0
2013-06-18 00:00:00,0.0449,17.2315,0
2013-06-19 00:00:00,0.044,16.8644,0
2013-06-20 00:00:00,0.0351,17.1284,0
2013-06-21 00:00:00,0.028,17.1276,0
2013-06-22 00:00:00,0.0275,16.9172,0
2013-06-23 00:00:00,0.0264,17.9521,0
2013-06-24 00:00:00,0.0261,18.4985,0
2013-06-25 00:00:00,0.0257,18.6259,0
2013-06-26 00:00:00,0.0401,18.5155,0
2013-06-27 00:00:00,0.0343,18.0691,0
2013-06-28 00:00:00,0.0261,18.8083,0
2013-06-29 00:00:00,0.0269,18.5847,0
2013-06-30 00:00:00,0.0307,18.5663,0
2013-07-01 00:00:00,0.0277,18.6531,0
2013-07-02 00:00:00,0.1215,18.3465,0
2013-07-03 00:00:00,0.2394,17.1885,0
2013-07-04 00:00:00,0.2625,17.1304,0
2013-07-05 00:00:00,0.1548,17.2282,0
2013-07-06 00:00:00,0.0812,17.5745,0
2013-07-07 00:00:00,0.0694,17.6027,0
2013-07-08 00:00:00,0.0605,17.4857,0
2013-07-09 00:00:00,0.048,18.0057,0
2013-07-10 00:00:00,0.1901,18.1316,0
2013-07-11 00:00:00,0.19,17.1228,0
2013-07-12 00:00:00,0.1306,16.7647,0
2013-07-13 00:00:00,0.0993,16.7162,0
2013-07-14 00:00:00,0.0971,17.545,0
2013-07-15 00:00:00,0.0762,17.6819,0
2013-07-16 00:00:00,0.066,18.1255,0
2013-07-17 00:00:00,0.0594,18.5191,0
2013-07-18 00:00:00,0.054,18.5864,0
2013-07-19 00:00:00,0.0506,18.7781,0
2013-07-20 00:00:00,0.048,18.7441,0
2013-07-21 00:00:00,0.0478,18.5808,0
2013-07-22 00:00:00,0.0475,18.5806,0
2013-07-23 00:00:00,0.0451,18.6673,0
2013-07-24 00:00:00,0.0401,18.6218,0
2013-07-25 00:00:00,0.0373,17.882,0
2013-07-26 00:00:00,0.0357,17.6117,0
2013-07-27 00:00:00,0.046,17.5374,0
2013-07-28 00:00:00,0.0444,17.6271,0
2013-07-29 00:00:00,0.0328,17.2864,0
2013-07-30 00:00:00,0.0305,16.7171,0
2013-07-31 00:00:00,0.0303,16.8929,0
2013-08-01 00:00:00,0.0367,17.3035,0
2013-08-02 00:00:00,0.0333,17.4836,0
2013-08-03 00:00:00,0.0276,17.4031,0
2013-08-04 00:00:00,0.0268,17.6832,0
2013-08-05 00:00:00,0.0242,16.978,0
2013-08-06 00:00:00,0.0332,17.6144,0
2013-08-07 00:00:00,0.0339,17.7993,0
2013-08-08 00:00:00,0.0583,18.2041,0
2013-08-09 00:00:00,0.051,18.6922,0
2013-08-10 00:00:00,0.0323,19.0254,0
2013-08-11 00:00:00,0.0358,18.9965,0
2013-08-12 00:00:00,0.0349,19.0271,0
2013-08-13 00:00:00,0.032,18.6297,0
2013-08-14 00:00:00,0.0276,17.4462,0
2013-08-15 00:00:00,0.022,15.8383,0
2013-08-16 00:00:00,0.0217,15.5866,0
2013-08-17 00:00:00,0.0372,15.5488,0
2013-08-18 00:00:00,0.0591,16.0686,0
2013-08-19 00:00:00,0.0356,16.4855,0
2013-08-20 00:00:00,0.0298,17.3446,0
2013-08-21 00:00:00,0.0266,17.8079,0
2013-08-22 00:00:00,0.0268,18.0519,0
2013-08-23 00:00:00,0.023,18.065,0
2013-08-24 00:00:00,0.0217,17.0582,0
2013-08-25 00:00:00,0.019,16.7041,0
2013-08-26 00:00:00,0.0184,16.8538,0
2013-08-27 00:00:00,0.0194,17.9018,0
2013-08-28 00:00:00,0.0215,18.3146,0
2013-08-29 00:00:00,0.0221,19.0448,0
2013-08-30 00:00:00,0.019,18.8238,0
2013-08-31 00:00:00,0.0223,18.7622,0
2013-09-01 00:00:00,0.0219,18.7164,0
2013-09-02 00:00:00,0.0178,18.9865,0
2013-09-03 00:00:00,0.0168,19.0504,0
2013-09-04 00:00:00,0.0149,17.6296,0
2013-09-05 00:00:00,0.0149,17.5768,0
2013-09-06 00:00:00,0.0134,17.1275,0
2013-09-07 00:00:00,0.0134,16.5518,0
2013-09-08 00:00:00,0.0142,17.4705,0
2013-09-09 00:00:00,0.0135,17.9387,0
2013-09-10 00:00:00,0.0274,18.5992,0
2013-09-11 00:00:00,0.0522,20.0938,0
2013-09-12 00:00:00,0.0483,20.4671,0
2013-09-13 00:00:00,0.0457,19.1359,0
2013-09-14 00:00:00,0.0445,16.9036,0
2013-09-15 00:00:00,0.0439,16.9534,0
2013-09-16 00:00:00,0.0448,17.9103,0
2013-09-17 00:00:00,0.0436,16.5175,0
2013-09-18 00:00:00,0.0426,15.8106,0
2013-09-19 00:00:00,0.0425,17.0147,0
2013-09-20 00:00:00,0.0551,17.6203,0
2013-09-21 00:00:00,0.0684,17.5779,0
2013-09-22 00:00:00,0.0557,16.6645,0
2013-09-23 00:00:00,0.0447,15.9394,0
2013-09-24 00:00:00,0.0432,16.178,0
2013-09-25 00:00:00,0.0431,16.464,0
2013-09-26 00:00:00,0.0435,16.8006,0
2013-09-27 00:00:00,0.0429,16.13,0
2013-09-28 00:00:00,0.041,16.0029,0
2013-09-29 00:00:00,0.0417,15.3435,0
2013-09-30 00:00:00,0.0399,15.7184,0
2013-10-01 00:00:00,0.0399,16.5038,0
2013-10-02 00:00:00,0.0399,16.8859,0
2013-10-03 00:00:00,0.0388,17.4533,0
2013-10-04 00:00:00,0.0387,17.9701,0
2013-10-05 00:00:00,0.0388,18.4749,0
2013-10-06 00:00:00,0.0369,18.5284,0
2013-10-07 00:00:00,0.0895,17.5443,0
2013-10-08 00:00:00,0.069,15.1973,0
2013-10-09 00:00:00,0.0398,14.646,0
2013-10-10 00:00:00,0.0475,14.5663,0
2013-10-11 00:00:00,0.0446,15.8493,0
2013-10-12 00:00:00,0.0432,16.096,0
2013-10-13 00:00:00,0.0416,16.1608,0
2013-10-14 00:00:00,0.0464,15.8554,0
2013-10-15 00:00:00,0.0438,15.185,0
2013-10-16 00:00:00,0.0378,15.4341,0
2013-10-17 00:00:00,0.0385,16.0059,0
2013-10-18 00:00:00,0.0391,14.1977,0
2013-10-19 00:00:00,0.0358,13.9453,0
2013-10-20 00:00:00,0.0372,12.4423,0
2013-10-21 00:00:00,0.0355,12.4623,0
2013-10-22 00:00:00,0.0354,13.3912,0
2013-10-23 00:00:00,0.0392,12.3073,0
2013-10-24 00:00:00,0.0384,10.1321,0
2013-10-25 00:00:00,0.0388,9.1257,0
2013-10-26 00:00:00,0.0366,8.8461,0
2013-10-27 00:00:00,0.037,10.6072,0
2013-10-28 00:00:00,0.0373,11.3122,0
2013-10-29 00:00:00,0.0362,12.59,0
2013-10-30 00:00:00,0.0362,13.1554,0
2013-10-31 00:00:00,0.0344,13.8138,0
2013-11-01 00:00:00,0.0389,14.6408,0
2013-11-02 00:00:00,0.0401,12.6602,0
2013-11-03 00:00:00,0.0418,10.9241,0
2013-11-04 00:00:00,0.0403,9.4531,0
2013-11-05 00:00:00,0.0395,9.2922,0
2013-11-06 00:00:00,0.0383,11.2809,0
2013-11-07 00:00:00,0.0418,11.2535,0
2013-11-08 00:00:00,0.044,8.6041,0
2013-11-09 00:00:00,0.0425,8.1405,0
2013-11-10 00:00:00,0.0436,8.9911,0
2013-11-11 00:00:00,0.0421,8.2778,0
2013-11-12 00:00:00,0.0462,7.9796,0
2013-11-13 00:00:00,0.0456,5.5755,0
2013-11-14 00:00:00,0.0437,6.1878,0
2013-11-15 00:00:00,0.0495,7.2854,0
2013-11-16 00:00:00,0.0563,9.4194,0
2013-11-17 00:00:00,0.047,10.4645,0
2013-11-18 00:00:00,0.0521,10.3678,0
2013-11-19 00:00:00,0.0489,7.5157,0
2013-11-20 00:00:00,0.0458,6.6894,0
2013-11-21 00:00:00,0.0433,7.5899,0
2013-11-22 00:00:00,0.0421,9.5194,0
2013-11-23 00:00:00,0.0467,8.5853,0
2013-11-24 00:00:00,0.05,3.9404,0
2013-11-25 00:00:00,0.0462,3.7225,0
2013-11-26 00:00:00,0.1637,5.2555,0
2013-11-27 00:00:00,0.1733,5.7129,0
2013-11-28 00:00:00,0.061,3.5322,0
2013-11-29 00:00:00,0.0467,3.9388,0
2013-11-30 00:00:00,0.0427,3.7234,0
2013-12-01 00:00:00,0.0432,4.0518,0
2013-12-02 00:00:00,0.0447,5.516,0
2013-12-03 00:00:00,0.0473,6.3674,0
2013-12-04 00:00:00,0.042,7.6432,0
2013-12-05 00:00:00,0.0361,9.0552,0
2013-12-06 00:00:00,0.0585,11.2435,0
2013-12-07 00:00:00,0.0843,8.712,0
2013-12-08 00:00:00,0.0541,5.5904,0
2013-12-09 00:00:00,0.0585,5.8422,0
2013-12-10 00:00:00,0.0991,5.9584,0
2013-12-11 00:00:00,0.0894,4.2146,0
2013-12-12 00:00:00,0.0521,3.3856,0
2013-12-13 00:00:00,0.0477,3.2111,0
2013-12-14 00:00:00,0.0647,4.3354,0
2013-12-15 00:00:00,0.0711,4.7505,0
2013-12-16 00:00:00,0.0521,4.2923,0
2013-12-17 00:00:00,0.0522,4.8205,0
2013-12-18 00:00:00,0.0535,3.5347,0
2013-12-19 00:00:00,0.0449,4.3323,0
2013-12-20 00:00:00,0.0423,5.5809,0
2013-12-21 00:00:00,0.0391,7.3554,0
2013-12-22 00:00:00,0.0488,9.9346,0
2013-12-23 00:00:00,0.1147,9.2892,0
2013-12-24 00:00:00,0.0834,5.0979,0
2013-12-25 00:00:00,0.0555,2.771,0
2013-12-26 00:00:00,0.05,3.1387,0
2013-12-27 00:00:00,0.0466,3.3876,0
2013-12-28 00:00:00,0.0439,4.0314,0
2013-12-29 00:00:00,0.0981,5.9255,0
2013-12-30 00:00:00,0.0855,5.934,0
2013-12-31 00:00:00,0.0588,4.3596,0
2014-01-01 00:00:00,0.0518,3.7876,0
2014-01-02 00:00:00,0.0495,4.2305,0
2014-01-03 00:00:00,0.0584,1.3205,0
2014-01-04 00:00:00,0.0481,1.0666,0
2014-01-05 00:00:00,0.0493,3.4719,0
2014-01-06 00:00:00,0.0558,3.1818,0
2014-01-07 00:00:00,0.0896,0.2532,0
2014-01-08 00:00:00,0.0719,0.2804,0
2014-01-09 00:00:00,0.0451,1.2204,0
2014-01-10 00:00:00,0.0716,2.7441,0
2014-01-11 00:00:00,0.1084,4.6405,0
2014-01-12 00:00:00,0.086,4.4777,0
2014-01-13 00:00:00,0.0596,4.4509,0
2014-01-14 00:00:00,0.0594,5.3429,0
2014-01-15 00:00:00,0.0571,4.3178,0
2014-01-16 00:00:00,0.053,2.8152,0
2014-01-17 00:00:00,0.0511,3.0428,0
2014-01-18 00:00:00,0.053,1.7304,0
2014-01-19 00:00:00,0.0492,2.3806,0
2014-01-20 00:00:00,0.0474,3.2336,0
2014-01-21 00:00:00,0.0506,2.8855,0
2014-01-22 00:00:00,0.0573,0.421,0
2014-01-23 00:00:00,0.0564,0.3916,0
2014-01-24 00:00:00,0.1101,0.2506,0
2014-01-25 00:00:00,0.0903,0.3814,0
2014-01-26 00:00:00,0.047,0.776,0
2014-01-27 00:00:00,0.0486,1.9877,0
2014-01-28 00:00:00,0.0535,0.2606,0
2014-01-29 00:00:00,0.0541,0.3081,0
2014-01-30 00:00:00,0.0648,0.2926,0
2014-01-31 00:00:00,0.0466,1.192,0
2014-02-01 00:00:00,0.0454,2.6,0
2014-02-02 00:00:00,0.0438,4.2694,0
2014-02-03 00:00:00,0.1219,5.1547,0
2014-02-04 00:00:00,0.0975,4.066,0
2014-02-05 00:00:00,0.0625,4.2949,0
2014-02-06 00:00:00,0.0584,3.0573,0
2014-02-07 00:00:00,0.0533,2.748,0
2014-02-08 00:00:00,0.0507,3.276,0
2014-02-09 00:00:00,0.0493,3.9445,0
2014-02-10 00:00:00,0.05,3.0775,0
2014-02-11 00:00:00,0.0489,2.1079,0
2014-02-12 00:00:00,0.0674,0.6921,0
2014-02-13 00:00:00,0.1905,0.2081,0
2014-02-14 00:00:00,0.0803,1.8444,0
2014-02-15 00:00:00,0.0577,2.6284,0
2014-02-16 00:00:00,0.0528,2.144,0
2014-02-17 00:00:00,0.0476,2.4559,0
2014-02-18 00:00:00,0.051,3.4969,0
2014-02-19 00:00:00,0.0823,4.7222,0
2014-02-20 00:00:00,0.0909,4.4592,0
2014-02-21 00:00:00,0.1507,5.6479,0
2014-02-22 00:00:00,0.1234,5.4904,0
2014-02-23 00:00:00,0.0782,6.0479,0
2014-02-24 00:00:00,0.0757,5.1301,0
2014-02-25 00:00:00,0.068,3.8515,0
2014-02-26 00:00:00,0.0585,3.733,0
2014-02-27 00:00:00,0.0584,2.586,0
2014-02-28 00:00:00,0.0552,2.182,0
2014-03-01 00:00:00,0.0522,2.956,0
2014-03-02 00:00:00,0.0586,5.547,0
2014-03-03 00:00:00,0.0976,4.3118,0
2014-03-04 00:00:00,0.0815,2.3982,0
2014-03-05 00:00:00,0.0619,3.9833,0
2014-03-06 00:00:00,0.0576,3.5552,0
2014-03-07 00:00:00,0.0627,3.2047,0
2014-03-08 00:00:00,0.0477,5.7927,0
2014-03-09 00:00:00,0.0324,7.0083,0
2014-03-10 00:00:00,0.0274,7.014,0
2014-03-11 00:00:00,0.0265,8.9408,0
2014-03-12 00:00:00,0.0274,8.5162,0
2014-03-13 00:00:00,0.0282,4.0558,0
2014-03-14 00:00:00,0.0238,5.0404,0
2014-03-15 00:00:00,0.0228,7.6007,0
2014-03-16 00:00:00,0.0302,5.675,0
2014-03-17 00:00:00,0.0325,3.3831,0
2014-03-18 00:00:00,0.0287,3.9761,0
2014-03-19 00:00:00,0.0341,5.134,0
2014-03-20 00:00:00,0.0332,5.944,0
2014-03-21 00:00:00,0.0331,6.1066,0
2014-03-22 00:00:00,0.0362,6.2692,0
2014-03-23 00:00:00,0.0417,6.4317,0
2014-03-24 00:00:00,0.0462,6.5943,0
2014-03-25 00:00:00,0.0583,6.7569,0
2014-03-26 00:00:00,0.0632,6.9195,0
2014-03-27 00:00:00,0.0639,7.082,0
2014-03-28 00:00:00,0.0689,7.2446,0
2014-03-29 00:00:00,0.0764,7.4072,0
2014-03-30 00:00:00,0.0811,7.5697,0
2014-03-31 00:00:00,0.078,7.7323,0
2014-04-01 00:00:00,0.0813,7.8949,0
2014-04-02 00:00:00,0.086,8.0575,0
2014-04-03 00:00:00,0.0923,8.22,0
2014-04-04 00:00:00,0.0974,8.3826,0
2014-04-05 00:00:00,0.1001,8.5452,0
2014-04-06 00:00:00,0.104,8.7077,0
2014-04-07 00:00:00,0.1251,8.8703,0
2014-04-08 00:00:00,0.1296,9.0329,0
2014-04-09 00:00:00,0.1175,9.1954,0
2014-04-10 00:00:00,0.122,9.358,0
2014-04-11 00:00:00,0.1265,9.5206,0
2014-04-12 00:00:00,0.1312,9.6832,0
2014-04-13 00:00:00,0.1357,9.8457,0
2014-04-14 00:00:00,0.1408,10.0083,0
2014-04-15 00:00:00,0.1607,10.1709,0
2014-04-16 00:00:00,0.1646,10.3334,0
2014-04-17 00:00:00,0.1537,10.496,0
2014-04-18 00:00:00,0.1581,10.6586,0
2014-04-19 00:00:00,0.1626,10.8212,0
2014-04-20 00:00:00,0.1673,10.9837,0
2014-04-21 00:00:00,0.1718,11.1463,0
2014-04-22 00:00:00,0.1763,11.3089,0
2014-04-23 00:00:00,0.1808,11.4714,0
2014-04-24 00:00:00,0.1853,11.634,0
2014-04-25 00:00:00,0.193,11.7966,0
2014-04-26 00:00:00,0.1977,11.9591,0
2014-04-27 00:00:00,0.1988,12.1217,0
2014-04-28 00:00:00,0.2103,12.2843,0
2014-04-29 00:00:00,0.2363,11.9965,0
2014-04-30 00:00:00,0.2331,12.6805,0
2014-05-01 00:00:00,0.2166,13.3479,0
2014-05-02 00:00:00,0.2041,13.0467,0
2014-05-03 00:00:00,0.2017,13.2923,0
2014-05-04 00:00:00,0.202,13.6698,0
2014-05-05 00:00:00,0.2009,13.6317,0
2014-05-06 00:00:00,0.2043,14.0164,0
2014-05-07 00:00:00,0.2059,14.5349,0
2014-05-08 00:00:00,0.2077,14.9564,0
2014-05-09 00:00:00,0.2084,15.0177,0
2014-05-10 00:00:00,0.2088,14.807,0
2014-05-11 00:00:00,0.2059,15.1508,0
2014-05-12 00:00:00,0.2056,15.5157,0
2014-05-13 00:00:00,0.2087,15.8024,0
2014-05-14 00:00:00,0.2041,15.9213,0
2014-05-15 00:00:00,0.26,15.5625,0
2014-05-16 00:00:00,0.264,14.6486,0
2014-05-17 00:00:00,0.2151,14.6852,0
2014-05-18 00:00:00,0.2092,15.1161,0
2014-05-19 00:00:00,0.207,15.4769,0
2014-05-20 00:00:00,0.2061,16.1153,0
2014-05-21 00:00:00,0.2085,16.8329,0
2014-05-22 00:00:00,0.2072,17.1725,0
2014-05-23 00:00:00,0.204,16.9241,0
2014-05-24 00:00:00,0.2028,16.7678,0
2014-05-25 00:00:00,0.2028,17.1657,0
2014-05-26 00:00:00,0.2058,17.6187,0
2014-05-27 00:00:00,0.213,18.0374,0
2014-05-28 00:00:00,0.2162,18.1881,0
2014-05-29 00:00:00,0.2154,17.8802,0
2014-05-30 00:00:00,0.2162,18.0917,0
2014-05-31 00:00:00,0.2147,18.0868,0
2014-06-01 00:00:00,0.2114,17.8887,0
2014-06-02 00:00:00,0.2147,18.2267,0
2014-06-03 00:00:00,0.2158,18.6298,0
2014-06-04 00:00:00,0.2304,19.0196,0
2014-06-05 00:00:00,0.2288,19.0382,0
2014-06-06 00:00:00,0.215,18.9667,0
2014-06-07 00:00:00,0.2103,19.3866,0
2014-06-08 00:00:00,0.2106,19.6675,0
2014-06-09 00:00:00,0.2102,19.9799,0
2014-06-10 00:00:00,0.2108,20.3854,0
2014-06-11 00:00:00,0.228,20.3806,0
2014-06-12 00:00:00,0.2328,20.2893,0
2014-06-13 00:00:00,0.2178,20.546,0
2014-06-14 00:00:00,0.2101,20.51,0
2014-06-15 00:00:00,0.2047,20.8291,0
2014-06-16 00:00:00,0.2062,21.5202,0
2014-06-17 00:00:00,0.2094,21.7856,0
2014-06-18 00:00:00,0.2096,22.0246,0
2014-06-19 00:00:00,0.2085,22.1716,0
2014-06-20 00:00:00,0.2147,22.1376,0
2014-06-21 00:00:00,0.2141,22.1288,0
2014-06-22 00:00:00,0.2056,22.195,0
2014-06-23 00:00:00,0.2016,22.249,0
2014-06-24 00:00:00,0.2031,22.8919,0
2014-06-25 00:00:00,0.2088,23.4425,0
2014-06-26 00:00:00,0.2083,23.4887,0
2014-06-27 00:00:00,0.2084,23.6714,0
2014-06-28 00:00:00,0.2092,23.6364,0
2014-06-29 00:00:00,0.2089,22.919,0
2014-06-30 00:00:00,0.2089,23.411,0
2014-07-01 00:00:00,0.2087,24.0599,0
2014-07-02 00:00:00,0.2111,24.4199,0
2014-07-03 00:00:00,0.2616,23.517,0
2014-07-04 00:00:00,0.239,22.7421,0
2014-07-05 00:00:00,0.2113,22.4869,0
2014-07-06 00:00:00,0.2085,22.8524,0
2014-07-07 00:00:00,0.2095,23.4299,0
2014-07-08 00:00:00,0.2104,23.7188,0
2014-07-09 00:00:00,0.2173,23.5198,0
2014-07-10 00:00:00,0.2151,23.4784,0
2014-07-11 00:00:00,0.2122,23.4807,0
2014-07-12 00:00:00,0.2087,23.9452,0
2014-07-13 00:00:00,0.2068,24.1351,0
2014-07-14 00:00:00,0.21,24.3573,0
2014-07-15 00:00:00,0.212,23.8722,0
2014-07-16 00:00:00,0.2054,23.0547,0
2014-07-17 00:00:00,0.2032,22.7469,0
2014-07-18 00:00:00,0.2001,22.8926,0
2014-07-19 00:00:00,0.2008,22.8076,0
2014-07-20 00:00:00,0.2024,22.8319,0
2014-07-21 00:00:00,0.2031,23.0819,0
2014-07-22 00:00:00,0.1958,23.666,0
2014-07-23 00:00:00,0.1906,24.3912,0
2014-07-24 00:00:00,0.2082,23.8521,0
2014-07-25 00:00:00,0.2213,23.1863,0
2014-07-26 00:00:00,0.1933,24.4505,0
2014-07-27 00:00:00,0.1943,24.4802,0
2014-07-28 00:00:00,0.192,23.2076,0
2014-07-29 00:00:00,0.1876,22.2396,0
2014-07-30 00:00:00,0.188,22.0233,0
2014-07-31 00:00:00,0.189,22.5264,0
2014-08-01 00:00:00,0.2001,22.1124,0
2014-08-02 00:00:00,0.1992,21.7362,0
2014-08-03 00:00:00,0.1904,22.128,0
2014-08-04 00:00:00,0.1876,22.6192,0
2014-08-05 00:00:00,0.1884,23.4534,0
2014-08-06 00:00:00,0.1889,23.6013,0
2014-08-07 00:00:00,0.187,23.7626,0
2014-08-08 00:00:00,0.1927,23.335,0
2014-08-09 00:00:00,0.2441,21.5925,0
2014-08-10 00:00:00,0.2292,21.2203,0
2014-08-11 00:00:00,0.2273,20.9297,0
2014-08-12 00:00:00,0.2764,20.3336,0
2014-08-13 00:00:00,0.2192,20.5919,0
2014-08-14 00:00:00,0.1982,20.6033,0
2014-08-15 00:00:00,0.1962,21.2146,0
2014-08-16 00:00:00,0.1947,21.3911,0
2014-08-17 00:00:00,0.1954,21.9186,0
2014-08-18 00:00:00,0.2097,22.0561,0
2014-08-19 00:00:00,0.2092,22.2091,0
2014-08-20 00:00:00,0.191,22.7221,0
2014-08-21 00:00:00,0.1907,23.306,0
2014-08-22 00:00:00,0.1858,23.1264,0
2014-08-23 00:00:00,0.1908,22.9548,0
2014-08-24 00:00:00,0.2406,21.7465,0
2014-08-25 00:00:00,0.2009,21.6031,0
2014-08-26 00:00:00,0.189,21.8315,0
2014-08-27 00:00:00,0.1834,22.3445,0
2014-08-28 00:00:00,0.1644,23.1966,0
2014-08-29 00:00:00,0.1152,22.1492,0
2014-08-30 00:00:00,0.1094,23.1355,0
2014-08-31 00:00:00,0.1043,23.6166,0
2014-09-01 00:00:00,0.0982,23.8788,0
2014-09-02 00:00:00,0.1026,23.971,0
2014-09-03 00:00:00,0.1067,23.5521,0
2014-09-04 00:00:00,0.1026,23.5697,0
2014-09-05 00:00:00,0.1024,23.4989,0
2014-09-06 00:00:00,0.1066,23.5948,0
2014-09-07 00:00:00,0.1055,22.6331,0
2014-09-08 00:00:00,0.0995,21.4243,0
2014-09-09 00:00:00,0.0977,21.1458,0
2014-09-10 00:00:00,0.0951,21.3807,0
2014-09-11 00:00:00,0.096,21.7805,0
2014-09-12 00:00:00,0.0999,21.4609,0
2014-09-13 00:00:00,0.1049,20.3445,0
2014-09-14 00:00:00,0.0957,19.0378,0
2014-09-15 00:00:00,0.0898,19.4268,0
2014-09-16 00:00:00,0.0872,19.8286,0
2014-09-17 00:00:00,0.0839,18.9927,0
2014-09-18 00:00:00,0.0768,19.1123,0
2014-09-19 00:00:00,0.0766,18.8952,0
2014-09-20 00:00:00,0.0742,18.9522,0
2014-09-21 00:00:00,0.0687,19.343,0
2014-09-22 00:00:00,0.0621,18.0533,0
2014-09-23 00:00:00,0.0581,16.6183,0
2014-09-24 00:00:00,0.0581,16.6104,0
2014-09-25 00:00:00,0.0566,17.6406,0
2014-09-26 00:00:00,0.0544,18.0296,0
2014-09-27 00:00:00,0.0533,17.6216,0
2014-09-28 00:00:00,0.0515,17.6319,0
2014-09-29 00:00:00,0.0515,18.1363,0
2014-09-30 00:00:00,0.0523,18.3153,0
2014-10-01 00:00:00,0.0499,18.4257,0
2014-10-02 00:00:00,0.0489,18.6724,0
2014-10-03 00:00:00,0.0549,18.8626,0
2014-10-04 00:00:00,0.0543,16.0615,0
2014-10-05 00:00:00,0.0467,13.7794,0
2014-10-06 00:00:00,0.0465,14.4751,0
2014-10-07 00:00:00,0.0645,15.5044,0
2014-10-08 00:00:00,0.0738,16.171,0
2014-10-09 00:00:00,0.057,15.6482,0
2014-10-10 00:00:00,0.0583,16.2241,0
2014-10-11 00:00:00,0.0605,16.4053,0
2014-10-12 00:00:00,0.076,15.0281,0
2014-10-13 00:00:00,0.079,15.4701,0
2014-10-14 00:00:00,0.0826,17.119,0
2014-10-15 00:00:00,0.1379,16.5774,0
2014-10-16 00:00:00,0.1093,15.5773,0
2014-10-17 00:00:00,0.0854,15.5608,0
2014-10-18 00:00:00,0.0812,15.3644,0
2014-10-19 00:00:00,0.0794,13.7068,0
2014-10-20 00:00:00,0.0761,13.793,0
2014-10-21 00:00:00,0.0682,14.0241,0
2014-10-22 00:00:00,0.0657,12.7831,0
2014-10-23 00:00:00,0.0582,12.1837,0
2014-10-24 00:00:00,0.0452,12.1864,0
2014-10-25 00:00:00,0.0436,12.4135,0
2014-10-26 00:00:00,0.0343,12.9008,0
2014-10-27 00:00:00,0.0194,12.409,0
2014-10-28 00:00:00,0.0178,13.8734,0
2014-10-29 00:00:00,0.0142,13.8362,0
2014-10-30 00:00:00,0.0127,11.4784,0
2014-10-31 00:00:00,0.0161,10.1346,0
2014-11-01 00:00:00,0.0284,9.5942,0
2014-11-02 00:00:00,0.0181,7.4893,0
2014-11-03 00:00:00,0.0111,7.9391,0
2014-11-04 00:00:00,0.0107,9.9401,0
2014-11-05 00:00:00,0.0101,11.143,0
2014-11-06 00:00:00,0.0123,11.686,0
2014-11-07 00:00:00,0.012,9.2942,0
2014-11-08 00:00:00,0.0116,7.6972,0
2014-11-09 00:00:00,0.0119,8.73,0
2014-11-10 00:00:00,0.0119,8.9908,0
2014-11-11 00:00:00,0.0119,9.3864,0
2014-11-12 00:00:00,0.0116,10.1226,0
2014-11-13 00:00:00,0.0105,8.4948,0
2014-11-14 00:00:00,0.0123,5.2659,0
2014-11-15 00:00:00,0.0119,3.7907,0
2014-11-16 00:00:00,0.0115,5.3183,0
2014-11-17 00:00:00,0.032,6.3306,0
2014-11-18 00:00:00,0.028,2.6601,0
2014-11-19 00:00:00,0.0138,1.7089,0
2014-11-20 00:00:00,0.0127,3.3432,0
2014-11-21 00:00:00,0.0138,2.8032,0
2014-11-22 00:00:00,0.0138,2.8224,0
2014-11-23 00:00:00,0.0266,4.7431,0
2014-11-24 00:00:00,0.0361,8.759,0
2014-11-25 00:00:00,0.0173,8.3792,0
2014-11-26 00:00:00,0.0694,6.5748,0
2014-11-27 00:00:00,0.0545,5.9374,0
2014-11-28 00:00:00,0.0244,4.231,0
2014-11-29 00:00:00,0.0195,4.3857,0
2014-11-30 00:00:00,0.0168,5.889,0
2014-12-01 00:00:00,0.0159,8.0556,0
2014-12-02 00:00:00,0.0379,7.2637,0
2014-12-03 00:00:00,0.0335,7.2381,0
2014-12-04 00:00:00,0.0243,6.8111,0
2014-12-05 00:00:00,0.0259,6.4486,0
2014-12-06 00:00:00,0.0268,7.4625,0
2014-12-07 00:00:00,0.0267,6.2057,0
2014-12-08 00:00:00,0.0249,4.623,0
2014-12-09 00:00:00,0.0266,5.4311,0
2014-12-10 00:00:00,0.0255,4.7716,0
2014-12-11 00:00:00,0.0262,3.1039,0
2014-12-12 00:00:00,0.025,3.7045,0
2014-12-13 00:00:00,0.0245,4.1666,0
2014-12-14 00:00:00,0.0265,4.3758,0
2014-12-15 00:00:00,0.0238,4.6117,0
2014-12-16 00:00:00,0.0232,5.8182,0
2014-12-17 00:00:00,0.0266,6.1985,0
2014-12-18 00:00:00,0.0295,4.3321,0
2014-12-19 00:00:00,0.0329,3.8192,0
2014-12-20 00:00:00,0.0324,3.664,0
2014-12-21 00:00:00,0.0313,4.5696,0
2014-12-22 00:00:00,0.0347,4.4722,0
2014-12-23 00:00:00,0.0423,5.3192,0
2014-12-24 00:00:00,0.0622,6.6328,0
2014-12-25 00:00:00,0.0561,6.1589,0
2014-12-26 00:00:00,0.0458,4.8908,0
2014-12-27 00:00:00,0.0436,5.7451,0
2014-12-28 00:00:00,0.0423,6.9703,0
2014-12-29 00:00:00,0.0501,6.4395,0
2014-12-30 00:00:00,0.0736,4.8253,0
2014-12-31 00:00:00,0.1971,3.803,0
2015-01-01 00:00:00,0.1949,3.6461,0
2015-01-02 00:00:00,0.1917,4.2669,0
2015-01-03 00:00:00,0.1951,4.4319,0
2015-01-04 00:00:00,0.1968,5.204,0
2015-01-05 00:00:00,0.1945,3.9118,0
2015-01-06 00:00:00,0.1901,3.4548,0
2015-01-07 00:00:00,0.1957,2.2991,0
2015-01-08 00:00:00,0.195,0.9386,0
2015-01-09 00:00:00,0.1856,1.5592,0
2015-01-10 00:00:00,0.1876,1.1477,0
2015-01-11 00:00:00,0.1837,1.6662,0
2015-01-12 00:00:00,0.1932,2.721,0
2015-01-13 00:00:00,0.1924,2.5283,0
2015-01-14 00:00:00,0.1862,2.2642,0
2015-01-15 00:00:00,0.1855,2.3134,0
2015-01-16 00:00:00,0.1869,2.5824,0
2015-01-17 00:00:00,0.1848,2.7261,0
2015-01-18 00:00:00,0.1797,3.2429,0
2015-01-19 00:00:00,0.1786,3.3709,0
2015-01-20 00:00:00,0.1794,3.7129,0
2015-01-21 00:00:00,0.1771,3.8448,0
2015-01-22 00:00:00,0.1786,3.6665,0
2015-01-23 00:00:00,0.1886,3.4748,0
2015-01-24 00:00:00,0.1941,3.5626,0
2015-01-25 00:00:00,0.1812,3.7457,0
2015-01-26 00:00:00,0.1813,3.8314,0
2015-01-27 00:00:00,0.1854,2.6308,0
2015-01-28 00:00:00,0.1745,2.1898,0
2015-01-29 00:00:00,0.1379,2.4868,0
2015-01-30 00:00:00,0.1229,2.6121,0
2015-01-31 00:00:00,0.1092,1.8819,0
2015-02-01 00:00:00,0.0941,3.0466,0
2015-02-02 00:00:00,0.1007,3.3927,0
2015-02-03 00:00:00,0.1006,1.8904,0
2015-02-04 00:00:00,0.0842,2.7036,0
2015-02-05 00:00:00,0.0883,2.1619,0
2015-02-06 00:00:00,0.0801,1.2344,0
2015-02-07 00:00:00,0.0694,2.6033,0
2015-02-08 00:00:00,0.0664,3.9571,0
2015-02-09 00:00:00,0.0662,5.3768,0
2015-02-10 00:00:00,0.0698,4.7108,0
2015-02-11 00:00:00,0.0675,3.8357,0
2015-02-12 00:00:00,0.0672,3.3054,0
2015-02-13 00:00:00,0.0713,1.1122,0
2015-02-14 00:00:00,0.0664,1.7628,0
2015-02-15 00:00:00,0.0928,0.2575,0
2015-02-16 00:00:00,0.0817,0.19,0
2015-02-17 00:00:00,0.0928,0.4916,0
2015-02-18 00:00:00,0.0709,0.9038,0
2015-02-19 00:00:00,0.0761,0.3435,0
2015-02-20 00:00:00,0.0661,0.33,0
2015-02-21 00:00:00,0.0948,0.4869,0
2015-02-22 00:00:00,0.1103,1.76,0
2015-02-23 00:00:00,0.0862,2.1235,0
2015-02-24 00:00:00,0.077,1.2862,0
2015-02-25 00:00:00,0.0725,1.8776,0
2015-02-26 00:00:00,0.0732,2.1941,0
2015-02-27 00:00:00,0.0722,2.0728,0
2015-02-28 00:00:00,0.0712,1.4854,0
2015-03-01 00:00:00,0.0699,2.1232,0
2015-03-02 00:00:00,0.0811,3.4522,0
2015-03-03 00:00:00,0.082,2.6454,0
2015-03-04 00:00:00,0.1265,3.8426,0
2015-03-05 00:00:00,0.2795,2.8927,0
2015-03-06 00:00:00,0.2745,2.3135,0
2015-03-07 00:00:00,0.2003,3.1299,0
2015-03-08 00:00:00,0.1967,4.0245,0
2015-03-09 00:00:00,0.1997,4.6393,0
2015-03-10 00:00:00,0.2018,4.8027,0
2015-03-11 00:00:00,0.2089,5.1727,0
2015-03-12 00:00:00,0.1989,5.1133,0
2015-03-13 00:00:00,0.1913,4.5992,0
2015-03-14 00:00:00,0.2145,5.4619,0
2015-03-15 00:00:00,0.2115,6.1251,0
2015-03-16 00:00:00,0.1835,6.7856,0
2015-03-17 00:00:00,0.1689,7.3044,0
2015-03-18 00:00:00,0.1559,6.5517,0
2015-03-19 00:00:00,0.1478,6.0432,0
2015-03-20 00:00:00,0.1701,6.3446,0
2015-03-21 00:00:00,0.1542,7.8005,0
2015-03-22 00:00:00,0.138,8.4902,0
2015-03-23 00:00:00,0.1253,8.5891,0
2015-03-24 00:00:00,0.1186,8.5034,0
2015-03-25 00:00:00,0.1155,8.3472,0
2015-03-26 00:00:00,0.1329,10.6499,0
2015-03-27 00:00:00,0.2174,9.0742,0
2015-03-28 00:00:00,0.2076,7.185,0
2015-03-29 00:00:00,0.1835,7.2171,0
2015-03-30 00:00:00,0.1751,8.4104,0
2015-03-31 00:00:00,0.1668,9.0077,0
2015-04-01 00:00:00,0.1491,9.5522,0
2015-04-02 00:00:00,0.1354,10.4374,0
2015-04-03 00:00:00,0.1308,11.7002,0
2015-04-04 00:00:00,0.1295,11.1022,0
2015-04-05 00:00:00,0.1125,10.3975,0
2015-04-06 00:00:00,0.0996,11.9332,0
2015-04-07 00:00:00,0.1154,13.2828,0
2015-04-08 00:00:00,0.1217,14.4351,0
2015-04-09 00:00:00,0.1528,14.3194,0
2015-04-10 00:00:00,0.1494,14.2483,0
2015-04-11 00:00:00,0.1295,13.7042,0
2015-04-12 00:00:00,0.1175,13.3441,0
2015-04-13 00:00:00,0.1159,14.3117,0
2015-04-14 00:00:00,0.1475,14.7313,0
2015-04-15 00:00:00,0.1721,13.7032,0
2015-04-16 00:00:00,0.1615,13.3611,0
2015-04-17 00:00:00,0.1644,15.1717,0
2015-04-18 00:00:00,0.1535,16.5672,0
2015-04-19 00:00:00,0.1985,16.0444,0
2015-04-20 00:00:00,0.3068,15.2083,0
2015-04-21 00:00:00,0.2175,14.6412,0
2015-04-22 00:00:00,0.2009,14.3769,0
2015-04-23 00:00:00,0.1949,13.5394,0
2015-04-24 00:00:00,0.1923,13.0878,0
2015-04-25 00:00:00,0.1953,12.3716,0
2015-04-26 00:00:00,0.2021,11.9534,0
2015-04-27 00:00:00,0.196,12.2715,0
2015-04-28 00:00:00,0.1876,12.8116,0
2015-04-29 00:00:00,0.1845,13.802,0
2015-04-30 00:00:00,0.1872,14.3232,0
2015-05-01 00:00:00,0.2006,13.9124,0
2015-05-02 00:00:00,0.1898,14.3287,0
2015-05-03 00:00:00,0.1787,15.1286,0
2015-05-04 00:00:00,0.1742,16.356,0
2015-05-05 00:00:00,0.1712,17.6368,0
2015-05-06 00:00:00,0.1696,18.5399,0
2015-05-07 00:00:00,0.1628,19.0932,0
2015-05-08 00:00:00,0.1506,19.5709,0
2015-05-09 00:00:00,0.141,20.0966,0
2015-05-10 00:00:00,0.1343,20.4206,0
2015-05-11 00:00:00,0.1298,21.0454,0
2015-05-12 00:00:00,0.1248,21.2425,0
2015-05-13 00:00:00,0.1141,18.8926,0
2015-05-14 00:00:00,0.1048,17.5455,0
2015-05-15 00:00:00,0.102,18.3531,0
2015-05-16 00:00:00,0.1032,19.6629,0
2015-05-17 00:00:00,0.1034,20.577,0
2015-05-18 00:00:00,0.1162,20.8859,0
2015-05-19 00:00:00,0.1171,21.2554,0
2015-05-20 00:00:00,0.1036,20.0946,0
2015-05-21 00:00:00,0.1032,18.4245,0
2015-05-22 00:00:00,0.1006,17.2871,0
2015-05-23 00:00:00,0.091,17.5275,0
2015-05-24 00:00:00,0.0876,18.3769,0
2015-05-25 00:00:00,0.0836,19.1726,0
2015-05-26 00:00:00,0.0819,19.9697,0
2015-05-27 00:00:00,0.0799,20.87,0
2015-05-28 00:00:00,0.0768,21.1655,0
2015-05-29 00:00:00,0.074,21.3962,0
2015-05-30 00:00:00,0.0715,21.5897,0
2015-05-31 00:00:00,0.0767,21.7387,0
2015-06-01 00:00:00,0.0993,21.7692,0
2015-06-02 00:00:00,0.1393,21.4554,0
2015-06-03 00:00:00,0.1669,20.0835,0
2015-06-04 00:00:00,0.1401,19.7245,0
2015-06-05 00:00:00,0.1309,20.1122,0
2015-06-06 00:00:00,0.1194,21.0928,0
2015-06-07 00:00:00,0.107,21.1755,0
2015-06-08 00:00:00,0.1397,21.1401,0
2015-06-09 00:00:00,0.1602,21.5275,0
2015-06-10 00:00:00,0.1349,21.9533,0
2015-06-11 00:00:00,0.1219,22.9149,0
2015-06-12 00:00:00,0.1119,23.5328,0
2015-06-13 00:00:00,0.1075,23.7526,0
2015-06-14 00:00:00,0.1054,23.7292,0
2015-06-15 00:00:00,0.1,24.2291,0
2015-06-16 00:00:00,0.0915,24.48,0
2015-06-17 00:00:00,0.1082,24.0002,0
2015-06-18 00:00:00,0.1348,23.9052,0
2015-06-19 00:00:00,0.118,24.0016,0
2015-06-20 00:00:00,0.1049,24.2429,0
2015-06-21 00:00:00,0.1003,24.2856,0
2015-06-22 00:00:00,0.0904,24.2624,0
2015-06-23 00:00:00,0.0828,24.7959,0
2015-06-24 00:00:00,0.0712,24.1989,0
2015-06-25 00:00:00,0.063,23.8337,0
2015-06-26 00:00:00,0.0666,23.8247,0
2015-06-27 00:00:00,0.094,23.1808,0
2015-06-28 00:00:00,0.0841,21.4979,0
2015-06-29 00:00:00,0.0607,20.8651,0
2015-06-30 00:00:00,0.0616,21.5696,0
2015-07-01 00:00:00,0.063,21.6092,0
2015-07-02 00:00:00,0.0571,21.7601,0
2015-07-03 00:00:00,0.0611,21.0793,0
2015-07-04 00:00:00,0.0666,21.4879,0
2015-07-05 00:00:00,0.0697,21.612,0
2015-07-06 00:00:00,0.1188,21.9239,0
2015-07-07 00:00:00,0.1124,22.6157,0
2015-07-08 00:00:00,0.0886,22.9734,0
2015-07-09 00:00:00,0.085,23.3597,0
2015-07-10 00:00:00,0.0719,23.4671,0
2015-07-11 00:00:00,0.0702,23.2606,0
2015-07-12 00:00:00,0.0748,23.0168,0
2015-07-13 00:00:00,0.1889,22.8192,0
2015-07-14 00:00:00,0.1728,23.7328,0
2015-07-15 00:00:00,0.1262,23.4267,0
2015-07-16 00:00:00,0.1022,23.3447,0
2015-07-17 00:00:00,0.0922,23.3428,0
2015-07-18 00:00:00,0.0909,24.062,0
2015-07-19 00:00:00,0.0899,24.8528,0
2015-07-20 00:00:00,0.0828,25.0281,0
2015-07-21 00:00:00,0.072,24.5648,0
2015-07-22 00:00:00,0.0619,23.5753,0
2015-07-23 00:00:00,0.0552,22.8772,0
2015-07-24 00:00:00,0.0526,23.1623,0
2015-07-25 00:00:00,0.0505,23.282,0
2015-07-26 00:00:00,0.0479,23.5113,0
2015-07-27 00:00:00,0.0448,23.6628,0
2015-07-28 00:00:00,0.0576,23.7101,0
2015-07-29 00:00:00,0.0578,23.9136,0
2015-07-30 00:00:00,0.0543,24.1917,0
2015-07-31 00:00:00,0.0484,22.8644,0
2015-08-01 00:00:00,0.0432,22.4209,0
2015-08-02 00:00:00,0.0388,21.5301,0
2015-08-03 00:00:00,0.0354,21.6954,0
2015-08-04 00:00:00,0.0333,22.7536,0
2015-08-05 00:00:00,0.0318,22.895,0
2015-08-06 00:00:00,0.0328,22.1646,0
2015-08-07 00:00:00,0.0324,21.1985,0
2015-08-08 00:00:00,0.0285,21.2711,0
2015-08-09 00:00:00,0.0264,21.6223,0
2015-08-10 00:00:00,0.0533,21.6739,0
2015-08-11 00:00:00,0.0818,22.2982,0
2015-08-12 00:00:00,0.0531,21.8359,0
2015-08-13 00:00:00,0.0462,21.2862,0
2015-08-14 00:00:00,0.0436,21.4882,0
2015-08-15 00:00:00,0.042,22.1501,0
2015-08-16 00:00:00,0.0439,22.3359,0
2015-08-17 00:00:00,0.041,22.6644,0
2015-08-18 00:00:00,0.0372,22.6513,0
2015-08-19 00:00:00,0.0451,22.9148,0
2015-08-20 00:00:00,0.0422,22.8536,0
2015-08-21 00:00:00,0.0314,21.4692,0
2015-08-22 00:00:00,0.0279,20.774,0
2015-08-23 00:00:00,0.0268,21.1417,0
2015-08-24 00:00:00,0.0256,21.9014,0
2015-08-25 00:00:00,0.0206,20.3653,0
2015-08-26 00:00:00,0.0228,19.2399,0
2015-08-27 00:00:00,0.0253,18.7961,0
2015-08-28 00:00:00,0.0239,19.3307,0
2015-08-29 00:00:00,0.0224,19.587,0
2015-08-30 00:00:00,0.0212,19.8975,0
2015-08-31 00:00:00,0.0208,20.2428,0
2015-09-01 00:00:00,0.0202,20.6805,0
2015-09-02 00:00:00,0.019,21.1692,0
2015-09-03 00:00:00,0.0177,20.9055,0
2015-09-04 00:00:00,0.0417,20.7429,0
2015-09-05 00:00:00,0.0465,21.1856,0
2015-09-06 00:00:00,0.0335,20.9239,0
2015-09-07 00:00:00,0.031,20.8824,0
2015-09-08 00:00:00,0.0298,21.3457,0
2015-09-09 00:00:00,0.0315,21.6798,0
2015-09-10 00:00:00,0.0311,21.5729,0
2015-09-11 00:00:00,0.0261,20.486,0
2015-09-12 00:00:00,0.0239,19.7499,0
2015-09-13 00:00:00,0.0206,16.5895,0
2015-09-14 00:00:00,0.0157,15.3682,0
2015-09-15 00:00:00,0.0134,16.319,0
2015-09-16 00:00:00,0.012,16.9079,0
2015-09-17 00:00:00,0.0112,17.144,0
2015-09-18 00:00:00,0.0104,17.4777,0
2015-09-19 00:00:00,0.0094,17.8454,0
2015-09-20 00:00:00,0.0084,18.5862,0
2015-09-21 00:00:00,0.0586,16.8206,0
2015-09-22 00:00:00,0.0792,17.4509,0
2015-09-23 00:00:00,0.0483,17.8799,0
2015-09-24 00:00:00,0.0431,17.738,0
2015-09-25 00:00:00,0.0453,17.5876,0
2015-09-26 00:00:00,0.104,17.2116,0
2015-09-27 00:00:00,0.2,17.4046,0
2015-09-28 00:00:00,0.1794,18.6293,0
2015-09-29 00:00:00,0.3192,18.7684,0
2015-09-30 00:00:00,0.2436,19.2761,0
2015-10-01 00:00:00,0.1718,18.4483,0
2015-10-02 00:00:00,0.204,16.8729,0
2015-10-03 00:00:00,0.2682,15.7251,0
2015-10-04 00:00:00,0.2263,16.032,0
2015-10-05 00:00:00,0.183,16.0722,0
2015-10-06 00:00:00,0.1677,16.228,0
2015-10-07 00:00:00,0.1652,17.069,0
2015-10-08 00:00:00,0.1634,17.639,0
2015-10-09 00:00:00,0.1695,18.0735,0
2015-10-10 00:00:00,0.1713,17.1588,0
2015-10-11 00:00:00,0.1665,16.6202,0
2015-10-12 00:00:00,0.1636,16.8934,0
2015-10-13 00:00:00,0.1632,17.1578,0
2015-10-14 00:00:00,0.162,16.6288,0
2015-10-15 00:00:00,0.17,15.9965,0
2015-10-16 00:00:00,0.1716,15.7973,0
2015-10-17 00:00:00,0.1723,14.5723,0
2015-10-18 00:00:00,0.1737,13.5067,0
2015-10-19 00:00:00,0.1677,13.2733,0
2015-10-20 00:00:00,0.1618,13.8145,0
2015-10-21 00:00:00,0.1469,14.2932,0
2015-10-22 00:00:00,0.132,14.6509,0
2015-10-23 00:00:00,0.1141,15.3637,0
2015-10-24 00:00:00,0.094,14.7369,0
2015-10-25 00:00:00,0.0861,14.8684,0
2015-10-26 00:00:00,0.0772,13.5647,0
2015-10-27 00:00:00,0.1111,12.562,0
2015-10-28 00:00:00,0.2636,13.8003,0
2015-10-29 00:00:00,0.208,13.9667,0
2015-10-30 00:00:00,0.1658,12.8684,0
2015-10-31 00:00:00,0.17,12.4428,0
2015-11-01 00:00:00,0.1722,13.4289,0
2015-11-02 00:00:00,0.1646,13.6452,0
2015-11-03 00:00:00,0.1625,13.9481,0
2015-11-04 00:00:00,0.1489,14.4739,0
2015-11-05 00:00:00,0.1454,15.2325,0
2015-11-06 00:00:00,0.1354,15.9377,0
2015-11-07 00:00:00,0.1283,15.3814,0
2015-11-08 00:00:00,0.1163,12.7611,0
2015-11-09 00:00:00,0.1511,11.8531,0
2015-11-10 00:00:00,0.2003,12.9792,0
2015-11-11 00:00:00,0.1678,12.4079,0
2015-11-12 00:00:00,0.1581,12.6026,0
2015-11-13 00:00:00,0.1476,11.2304,0
2015-11-14 00:00:00,0.135,10.1303,0
2015-11-15 00:00:00,0.122,10.12,0
2015-11-16 00:00:00,0.1119,10.424,0
2015-11-17 00:00:00,0.1034,10.7879,0
2015-11-18 00:00:00,0.116,11.0933,0
2015-11-19 00:00:00,0.237,12.1736,0
2015-11-20 00:00:00,0.2132,10.1998,0
2015-11-21 00:00:00,0.1846,9.3934,0
2015-11-22 00:00:00,0.1737,9.0635,0
2015-11-23 00:00:00,0.1659,7.9865,0
2015-11-24 00:00:00,0.1573,8.029,0
2015-11-25 00:00:00,0.1506,7.9881,0
2015-11-26 00:00:00,0.1331,8.6549,0
2015-11-27 00:00:00,0.1282,9.2573,0
2015-11-28 00:00:00,0.1192,9.838,0
2015-11-29 00:00:00,0.1131,10.5486,0
2015-11-30 00:00:00,0.1365,9.3825,0
2015-12-01 00:00:00,0.2264,9.2139,0
2015-12-02 00:00:00,0.2399,9.9859,0
2015-12-03 00:00:00,0.202,8.3468,0
2015-12-04 00:00:00,0.1861,7.6895,0
2015-12-05 00:00:00,0.1815,7.6479,0
2015-12-06 00:00:00,0.1816,7.5713,0
2015-12-07 00:00:00,0.1814,7.9198,0
2015-12-08 00:00:00,0.1766,7.7354,0
2015-12-09 00:00:00,0.1707,7.8256,0
2015-12-10 00:00:00,0.1689,8.2593,0
2015-12-11 00:00:00,0.1614,8.7473,0
2015-12-12 00:00:00,0.1578,9.6766,0
2015-12-13 00:00:00,0.1529,10.2045,0
2015-12-14 00:00:00,0.1524,10.9726,0
2015-12-15 00:00:00,0.1461,10.2226,0
2015-12-16 00:00:00,0.139,9.206,0
2015-12-17 00:00:00,0.1656,9.5986,0
2015-12-18 00:00:00,0.1679,8.3484,0
2015-12-19 00:00:00,0.1466,6.5516,0
2015-12-20 00:00:00,0.1397,6.5516,0
2015-12-21 00:00:00,0.1363,7.117,0
2015-12-22 00:00:00,0.1379,8.1758,0
2015-12-23 00:00:00,0.1649,9.1157,0
2015-12-24 00:00:00,0.2039,10.2638,0
2015-12-25 00:00:00,0.1996,10.7379,0
2015-12-26 00:00:00,0.1814,10.9872,0
2015-12-27 00:00:00,0.1805,11.4915,0
2015-12-28 00:00:00,0.1783,10.7348,0
2015-12-29 00:00:00,0.1936,10.0865,0
2015-12-30 00:00:00,0.1883,10.3865,0
2015-12-31 00:00:00,0.1829,10.0746,0
2016-01-01 00:00:00,0.1802,8.3736,0
2016-01-02 00:00:00,0.1823,7.035,0
2016-01-03 00:00:00,0.1772,6.687,0
2016-01-04 00:00:00,0.1737,5.7957,0
2016-01-05 00:00:00,0.167,4.6361,0
2016-01-06 00:00:00,0.161,4.2975,0
2016-01-07 00:00:00,0.1526,4.6344,0
2016-01-08 00:00:00,0.1485,5.1643,0
2016-01-09 00:00:00,0.1589,5.8163,0
2016-01-10 00:00:00,0.1852,5.957,0
2016-01-11 00:00:00,0.1734,3.9483,0
2016-01-12 00:00:00,0.163,3.9427,0
2016-01-13 00:00:00,0.157,2.9802,0
2016-01-14 00:00:00,0.129,3.8927,0
2016-01-15 00:00:00,0.1458,4.0655,0
2016-01-16 00:00:00,0.1664,4.5516,0
2016-01-17 00:00:00,0.158,3.8679,0
2016-01-18 00:00:00,0.1681,2.073,0
2016-01-19 00:00:00,0.1633,1.1662,0
2016-01-20 00:00:00,0.119,1.5001,0
2016-01-21 00:00:00,0.1169,1.8704,0
2016-01-22 00:00:00,0.1377,0.5026,0
2016-01-23 00:00:00,0.1935,1.1675,0
2016-01-24 00:00:00,0.1757,1.768,0
2016-01-25 00:00:00,0.1529,2.4299,0
2016-01-26 00:00:00,0.1326,2.8754,0
2016-01-27 00:00:00,0.1484,2.9135,0
2016-01-28 00:00:00,0.1468,2.6972,0
2016-01-29 00:00:00,0.1372,2.7344,0
2016-01-30 00:00:00,0.1233,2.9615,0
2016-01-31 00:00:00,0.1349,3.6562,0
2016-02-01 00:00:00,0.1551,4.1428,0
2016-02-02 00:00:00,0.2022,4.2595,0
2016-02-03 00:00:00,0.3103,4.8326,0
2016-02-04 00:00:00,0.313,4.7739,0
2016-02-05 00:00:00,0.2326,3.6344,0
2016-02-06 00:00:00,0.2124,3.5177,0
2016-02-07 00:00:00,0.2086,3.669,0
2016-02-08 00:00:00,0.2101,3.7322,0
2016-02-09 00:00:00,0.2118,3.3526,0
2016-02-10 00:00:00,0.2105,2.6154,0
2016-02-11 00:00:00,0.2084,2.1606,0
2016-02-12 00:00:00,0.1983,2.3648,0
2016-02-13 00:00:00,0.2106,1.6834,0
2016-02-14 00:00:00,0.2028,1.4493,0
2016-02-15 00:00:00,0.1977,1.2681,0
2016-02-16 00:00:00,0.2906,2.8755,0
2016-02-17 00:00:00,0.2623,3.4857,0
2016-02-18 00:00:00,0.2181,3.4393,0
2016-02-19 00:00:00,0.21,3.5562,0
2016-02-20 00:00:00,0.2216,4.4505,0
2016-02-21 00:00:00,0.2496,4.9411,0
2016-02-22 00:00:00,0.2516,5.1144,0
2016-02-23 00:00:00,0.2695,4.9834,0
2016-02-24 00:00:00,0.3201,5.4616,0
2016-02-25 00:00:00,0.304,4.7351,0
2016-02-26 00:00:00,0.2414,4.1118,0
2016-02-27 00:00:00,0.2206,4.3069,0
2016-02-28 00:00:00,0.2172,5.0944,0
2016-02-29 00:00:00,0.2339,5.8438,0
2016-03-01 00:00:00,0.2445,6.2835,0
2016-03-02 00:00:00,0.2552,5.6229,0
2016-03-03 00:00:00,0.2233,4.8774,0
2016-03-04 00:00:00,0.2159,5.4841,0
2016-03-05 00:00:00,0.2086,5.7091,0
2016-03-06 00:00:00,0.2075,6.35,0
2016-03-07 00:00:00,0.2014,6.8684,0
2016-03-08 00:00:00,0.2003,8.2564,0
2016-03-09 00:00:00,0.2002,9.1978,0
2016-03-10 00:00:00,0.1968,10.5923,0
2016-03-11 00:00:00,0.2001,11.6582,0
2016-03-12 00:00:00,0.1932,12.3223,0
2016-03-13 00:00:00,0.1951,12.7292,0
2016-03-14 00:00:00,0.2255,12.5188,0
2016-03-15 00:00:00,0.2414,12.8003,0
2016-03-16 00:00:00,0.2146,13.201,0
2016-03-17 00:00:00,0.2095,12.6089,0
2016-03-18 00:00:00,0.2059,12.2765,0
2016-03-19 00:00:00,0.2145,11.0137,0
2016-03-20 00:00:00,0.2084,10.2145,0
2016-03-21 00:00:00,0.2163,9.3072,0
2016-03-22 00:00:00,0.199,9.6113,0
2016-03-23 00:00:00,0.2021,10.4727,0
2016-03-24 00:00:00,0.1946,11.5394,0
2016-03-25 00:00:00,0.1995,12.5502,0
2016-03-26 00:00:00,0.1973,11.6489,0
2016-03-27 00:00:00,0.1931,11.8479,0
2016-03-28 00:00:00,0.2053,12.1549,0
2016-03-29 00:00:00,0.2024,11.4064,0
2016-03-30 00:00:00,0.1935,11.533,0
2016-03-31 00:00:00,0.1888,12.2331,0
2016-04-01 00:00:00,0.2029,13.5469,0
2016-04-02 00:00:00,0.1997,13.1719,0
2016-04-03 00:00:00,0.1975,11.0776,0
2016-04-04 00:00:00,0.1926,12.0502,0
2016-04-05 00:00:00,0.1972,11.0434,0
2016-04-06 00:00:00,0.1886,10.6646,0
2016-04-07 00:00:00,0.1971,11.2953,0
2016-04-08 00:00:00,0.1967,10.4209,0
2016-04-09 00:00:00,0.2012,9.2374,0
2016-04-10 00:00:00,0.1931,9.3805,0
2016-04-11 00:00:00,0.1883,11.153,0
2016-04-12 00:00:00,0.192,12.2382,0
2016-04-13 00:00:00,0.1897,11.6789,0
2016-04-14 00:00:00,0.1912,12.0756,0
2016-04-15 00:00:00,0.1895,12.3369,0
2016-04-16 00:00:00,0.1887,12.822,0
2016-04-17 00:00:00,0.188,13.9155,0
2016-04-18 00:00:00,0.1924,15.209,0
2016-04-19 00:00:00,0.1954,16.1655,0
2016-04-20 00:00:00,0.189,15.9173,0
2016-04-21 00:00:00,0.1846,16.1101,0
2016-04-22 00:00:00,0.1956,16.0229,0
2016-04-23 00:00:00,0.1971,15.8649,0
2016-04-24 00:00:00,0.1845,15.7583,0
2016-04-25 00:00:00,0.1813,16.8129,0
2016-04-26 00:00:00,0.1804,17.9462,0
2016-04-27 00:00:00,0.1817,18.4481,0
2016-04-28 00:00:00,0.183,18.7155,0
2016-04-29 00:00:00,0.1764,18.8896,0
2016-04-30 00:00:00,0.1656,17.703,0
2016-05-01 00:00:00,0.2174,17.0396,0
2016-05-02 00:00:00,0.22,18.2144,0
2016-05-03 00:00:00,0.204,18.2074,0
2016-05-04 00:00:00,0.1858,17.4121,0
2016-05-05 00:00:00,0.2172,15.8171,0
2016-05-06 00:00:00,0.2161,15.2221,0
2016-05-07 00:00:00,0.1905,15.8391,0
2016-05-08 00:00:00,0.1866,16.5955,0
2016-05-09 00:00:00,0.1792,16.6799,0
2016-05-10 00:00:00,0.1799,17.2726,0
2016-05-11 00:00:00,0.2034,17.6679,0
2016-05-12 00:00:00,0.2069,18.471,0
2016-05-13 00:00:00,0.192,18.6018,0
2016-05-14 00:00:00,0.1793,17.6889,0
2016-05-15 00:00:00,0.1764,15.6818,0
2016-05-16 00:00:00,0.1678,15.3969,0
2016-05-17 00:00:00,0.1676,15.855,0
2016-05-18 00:00:00,0.1672,15.504,0
2016-05-19 00:00:00,0.1602,15.6706,0
2016-05-20 00:00:00,0.1508,15.6639,0
2016-05-21 00:00:00,0.2022,15.9884,0
2016-05-22 00:00:00,0.2135,16.0148,0
2016-05-23 00:00:00,0.1906,16.058,0
2016-05-24 00:00:00,0.182,17.0124,0
2016-05-25 00:00:00,0.1752,18.2821,0
2016-05-26 00:00:00,0.1729,19.6798,0
2016-05-27 00:00:00,0.1711,20.8761,0
2016-05-28 00:00:00,0.1648,21.5776,0
2016-05-29 00:00:00,0.1658,20.8071,0
2016-05-30 00:00:00,0.1734,20.8669,0
2016-05-31 00:00:00,0.1697,21.8412,0
2016-06-01 00:00:00,0.1612,22.3946,0
2016-06-02 00:00:00,0.1514,22.6774,0
2016-06-03 00:00:00,0.1421,22.7041,0
2016-06-04 00:00:00,0.1392,22.9097,0
2016-06-05 00:00:00,0.1509,22.8436,0
2016-06-06 00:00:00,0.1326,22.2816,0
2016-06-07 00:00:00,0.116,21.7479,0
2016-06-08 00:00:00,0.1025,19.9371,0
2016-06-09 00:00:00,0.0951,19.6555,0
2016-06-10 00:00:00,0.0918,20.4058,0
2016-06-11 00:00:00,0.0913,21.6308,0
2016-06-12 00:00:00,0.0886,22.2513,0
2016-06-13 00:00:00,0.0812,20.6176,0
2016-06-14 00:00:00,0.0757,20.9007,0
2016-06-15 00:00:00,0.1111,21.3989,0
2016-06-16 00:00:00,0.1562,22.4074,0
2016-06-17 00:00:00,0.166,22.0341,0
2016-06-18 00:00:00,0.1353,21.5642,0
2016-06-19 00:00:00,0.111,21.373,0
2016-06-20 00:00:00,0.1017,22.0354,0
2016-06-21 00:00:00,0.1016,22.691,0
2016-06-22 00:00:00,0.0987,22.1401,0
2016-06-23 00:00:00,0.1511,21.639,0
2016-06-24 00:00:00,0.2046,21.7214,0
2016-06-25 00:00:00,0.1597,22.134,0
2016-06-26 00:00:00,0.1387,22.4497,0
2016-06-27 00:00:00,0.1314,22.7982,0
2016-06-28 00:00:00,0.1235,23.1354,0
2016-06-29 00:00:00,0.1029,22.8005,0
2016-06-30 00:00:00,0.0976,22.241,0
2016-07-01 00:00:00,0.0943,22.9855,0
2016-07-02 00:00:00,0.1063,23.0648,0
2016-07-03 00:00:00,0.1391,22.3108,0
2016-07-04 00:00:00,0.1461,21.8302,0
2016-07-05 00:00:00,0.1643,22.5953,0
2016-07-06 00:00:00,0.1299,23.238,0
2016-07-07 00:00:00,0.1123,23.2465,0
2016-07-08 00:00:00,0.1156,22.8238,0
2016-07-09 00:00:00,0.1117,22.9566,0
2016-07-10 00:00:00,0.0962,22.8457,0
2016-07-11 00:00:00,0.0906,23.0805,0
2016-07-12 00:00:00,0.1243,23.427,0
2016-07-13 00:00:00,0.1301,23.5585,0
2016-07-14 00:00:00,0.1069,24.0268,0
2016-07-15 00:00:00,0.0973,24.1681,0
2016-07-16 00:00:00,0.093,23.9411,0
2016-07-17 00:00:00,0.0887,24.1348,0
2016-07-18 00:00:00,0.0865,24.8716,0
2016-07-19 00:00:00,0.0798,24.641,0
2016-07-20 00:00:00,0.0727,24.2403,0
2016-07-21 00:00:00,0.0637,24.1845,0
2016-07-22 00:00:00,0.0587,24.6363,0
2016-07-23 00:00:00,0.0558,24.9166,0
2016-07-24 00:00:00,0.0529,25.2974,0
2016-07-25 00:00:00,0.0575,25.268,0
2016-07-26 00:00:00,0.0622,25.5672,0
2016-07-27 00:00:00,0.073,25.4028,0
2016-07-28 00:00:00,0.0966,25.3591,0
2016-07-29 00:00:00,0.1026,25.0049,0
2016-07-30 00:00:00,0.0848,25.4787,0
2016-07-31 00:00:00,0.1009,25.2967,0
2016-08-01 00:00:00,0.0953,25.2309,0
2016-08-02 00:00:00,0.0866,25.2464,0
2016-08-03 00:00:00,0.1018,24.3258,0
2016-08-04 00:00:00,0.1084,23.1733,0
2016-08-05 00:00:00,0.1086,23.3716,0
2016-08-06 00:00:00,0.1042,24.0886,0
2016-08-07 00:00:00,0.087,24.0037,0
2016-08-08 00:00:00,0.0901,22.9675,0
2016-08-09 00:00:00,0.0938,22.5625,0
2016-08-10 00:00:00,0.1034,23.3303,0
2016-08-11 00:00:00,0.089,24.1633,0
2016-08-12 00:00:00,0.0812,24.9283,0
2016-08-13 00:00:00,0.0768,25.3509,0
2016-08-14 00:00:00,0.0725,25.266,0
2016-08-15 00:00:00,0.0792,24.7143,0
2016-08-16 00:00:00,0.0804,24.7883,0
2016-08-17 00:00:00,0.0692,24.6491,0
2016-08-18 00:00:00,0.0606,24.1445,0
2016-08-19 00:00:00,0.0575,23.7914,0
2016-08-20 00:00:00,0.0578,23.8199,0
2016-08-21 00:00:00,0.0586,23.6781,0
2016-08-22 00:00:00,0.05,22.086,0
2016-08-23 00:00:00,0.0437,21.7202,0
2016-08-24 00:00:00,0.0414,22.3299,0
2016-08-25 00:00:00,0.0418,23.333,0
2016-08-26 00:00:00,0.0406,24.0793,0
2016-08-27 00:00:00,0.0387,24.2686,0
2016-08-28 00:00:00,0.0358,23.5425,0
2016-08-29 00:00:00,0.0321,23.2174,0
2016-08-30 00:00:00,0.0303,23.4487,0
2016-08-31 00:00:00,0.0395,23.4166,0
2016-09-01 00:00:00,0.0535,22.5946,0
2016-09-02 00:00:00,0.0386,21.0841,0
2016-09-03 00:00:00,0.0305,20.3441,0
2016-09-04 00:00:00,0.0284,20.511,0
2016-09-05 00:00:00,0.0264,20.7147,0
2016-09-06 00:00:00,0.025,21.3053,0
2016-09-07 00:00:00,0.0227,22.0447,0
2016-09-08 00:00:00,0.0216,22.3189,0
2016-09-09 00:00:00,0.0201,22.5028,0
2016-09-10 00:00:00,0.0186,22.6858,0
2016-09-11 00:00:00,0.0168,21.6367,0
2016-09-12 00:00:00,0.0131,20.0347,0
2016-09-13 00:00:00,0.0119,21.1206,0
2016-09-14 00:00:00,0.0123,21.4601,0
2016-09-15 00:00:00,0.0097,20.4404,0
2016-09-16 00:00:00,0.0085,19.6703,0
2016-09-17 00:00:00,0.0082,19.9498,0
2016-09-18 00:00:00,0.0082,20.1828,0
2016-09-19 00:00:00,0.0991,21.2855,0
2016-09-20 00:00:00,0.0763,21.9492,0
2016-09-21 00:00:00,0.0603,21.7315,0
2016-09-22 00:00:00,0.0503,21.4167,0
2016-09-23 00:00:00,0.0451,21.3944,0
2016-09-24 00:00:00,0.0421,21.7558,0
2016-09-25 00:00:00,0.0377,20.9361,0
2016-09-26 00:00:00,0.0508,20.0713,0
2016-09-27 00:00:00,0.0818,20.7095,0
2016-09-28 00:00:00,0.1048,20.5207,0
2016-09-29 00:00:00,0.2467,20.0653,0
2016-09-30 00:00:00,0.3285,19.1701,0
2016-10-01 00:00:00,0.2032,19.7416,0
2016-10-02 00:00:00,0.1804,20.0516,0
2016-10-03 00:00:00,0.1674,19.9142,0
2016-10-04 00:00:00,0.1663,19.8647,0
2016-10-05 00:00:00,0.1636,19.3224,0
2016-10-06 00:00:00,0.1623,18.9986,0
2016-10-07 00:00:00,0.2478,18.7645,0
2016-10-08 00:00:00,0.372,17.9049,0
2016-10-09 00:00:00,0.2437,16.8443,0
2016-10-10 00:00:00,0.1849,16.3226,0
2016-10-11 00:00:00,0.176,16.0081,0
2016-10-12 00:00:00,0.1723,16.0448,0
2016-10-13 00:00:00,0.173,16.3835,0
2016-10-14 00:00:00,0.1678,15.7965,0
2016-10-15 00:00:00,0.1614,16.5177,0
2016-10-16 00:00:00,0.1593,16.9308,0
2016-10-17 00:00:00,0.1619,17.6217,0
2016-10-18 00:00:00,0.1656,17.9952,0
2016-10-19 00:00:00,0.1689,18.4143,0
2016-10-20 00:00:00,0.1608,19.2489,0
2016-10-21 00:00:00,0.1634,17.9036,0
2016-10-22 00:00:00,0.1631,14.9543,0
2016-10-23 00:00:00,0.161,15.0855,0
2016-10-24 00:00:00,0.1643,15.2203,0
2016-10-25 00:00:00,0.1571,14.5605,0
2016-10-26 00:00:00,0.1547,14.0871,0
2016-10-27 00:00:00,0.157,14.5343,0
2016-10-28 00:00:00,0.1577,14.6516,0
2016-10-29 00:00:00,0.1574,15.0099,0
2016-10-30 00:00:00,0.157,15.3001,0
2016-10-31 00:00:00,0.1551,15.2367,0
2016-11-01 00:00:00,0.1555,15.4806,0
2016-11-02 00:00:00,0.1559,15.7245,0
2016-11-03 00:00:00,0.1547,15.7066,0
2016-11-04 00:00:00,0.1597,14.9527,0
2016-11-05 00:00:00,0.1555,14.2172,0
2016-11-06 00:00:00,0.1569,14.0437,0
2016-11-07 00:00:00,0.1577,13.7853,0
2016-11-08 00:00:00,0.1648,13.7332,0
2016-11-09 00:00:00,0.1583,13.143,0
2016-11-10 00:00:00,0.162,12.4845,0
2016-11-11 00:00:00,0.1544,12.4783,0
2016-11-12 00:00:00,0.1472,11.3519,0
2016-11-13 00:00:00,0.1439,11.1263,0
2016-11-14 00:00:00,0.142,11.0468,0
2016-11-15 00:00:00,0.1171,11.0662,0
2016-11-16 00:00:00,0.1029,11.2542,0
2016-11-17 00:00:00,0.0933,11.5089,0
2016-11-18 00:00:00,0.0902,11.9798,0
2016-11-19 00:00:00,0.08,10.3882,0
2016-11-20 00:00:00,0.0879,7.8694,0
2016-11-21 00:00:00,0.0712,7.1961,0
2016-11-22 00:00:00,0.0642,7.4335,0
2016-11-23 00:00:00,0.0623,8.5077,0
2016-11-24 00:00:00,0.0604,9.582,0
2016-11-25 00:00:00,0.06,10.1033,0
2016-11-26 00:00:00,0.0559,7.9059,0
2016-11-27 00:00:00,0.054,7.5107,0
2016-11-28 00:00:00,0.0525,8.1927,0
2016-11-29 00:00:00,0.0935,10.0588,0
2016-11-30 00:00:00,0.1091,9.2407,0
2016-12-01 00:00:00,0.1062,8.4225,0
2016-12-02 00:00:00,0.0892,7.8564,0
2016-12-03 00:00:00,0.0888,7.2157,0
2016-12-04 00:00:00,0.0882,7.5274,0
2016-12-05 00:00:00,0.0859,7.839,0
2016-12-06 00:00:00,0.1288,7.6188,0
2016-12-07 00:00:00,0.1516,7.3986,0
2016-12-08 00:00:00,0.1055,5.9923,0
2016-12-09 00:00:00,0.0816,4.5859,0
2016-12-10 00:00:00,0.0612,4.085,0
2016-12-11 00:00:00,0.0522,4.3145,0
2016-12-12 00:00:00,0.0441,7.2791,0
2016-12-13 00:00:00,0.051,6.63,0
2016-12-14 00:00:00,0.0364,5.5475,0
2016-12-15 00:00:00,0.0228,2.0417,0
2016-12-16 00:00:00,0.023,0.9925,0
2016-12-17 00:00:00,0.0114,5.0068,0
2016-12-18 00:00:00,0.0106,4.8793,0
2016-12-19 00:00:00,0.0079,4.7519,0
2016-12-20 00:00:00,0.0064,2.6352,0
2016-12-21 00:00:00,0.0019,3.8091,0
2016-12-22 00:00:00,0.0019,4.9789,0
2016-12-23 00:00:00,0.0019,4.2979,0
2016-12-24 00:00:00,0.0109,5.5696,0
2016-12-25 00:00:00,0.0107,6.8413,0
2016-12-26 00:00:00,0.0023,8.1129,0
2016-12-27 00:00:00,0.0023,9.3846,0
2016-12-28 00:00:00,0.0021,5.8869,0
2016-12-29 00:00:00,0.0061,6.3058,0
2016-12-30 00:00:00,0.0061,3.5587,0
2016-12-31 00:00:00,0.0019,2.8264,0
2017-01-01 00:00:00,0.0027,6.0089,0
2017-01-02 00:00:00,0.0052,6.2508,0
2017-01-03 00:00:00,0.0131,6.4926,0
2017-01-04 00:00:00,0.0122,6.7345,0
2017-01-05 00:00:00,0.0036,4.13,0
2017-01-06 00:00:00,0.0031,2.695,0
2017-01-07 00:00:00,0.0021,1.26,0
2017-01-08 00:00:00,0.0111,0.2764,0
2017-01-09 00:00:00,0.0146,0.2706,0
2017-01-10 00:00:00,0.0023,0.5,0
2017-01-11 00:00:00,0.0112,3.585,0
2017-01-12 00:00:00,0.0165,6.931,0
2017-01-13 00:00:00,0.0212,8.6697,0
2017-01-14 00:00:00,0.0259,7,0
2017-01-15 00:00:00,0.0173,7.2754,0
2017-01-16 00:00:00,0.0072,7.5508,0
2017-01-17 00:00:00,0.0089,7.8262,0
2017-01-18 00:00:00,0.0087,8.1016,0
2017-01-19 00:00:00,0.0058,7.1754,0
2017-01-20 00:00:00,0.0095,8.0086,0
2017-01-21 00:00:00,0.0129,7.9914,0
2017-01-22 00:00:00,0.0268,7.9068,0
2017-01-23 00:00:00,0.0687,7.8222,0
2017-01-24 00:00:00,0.0824,7.7376,0
2017-01-25 00:00:00,0.0505,7.7394,0
2017-01-26 00:00:00,0.0409,7.4863,0
2017-01-27 00:00:00,0.0424,5.5629,0
2017-01-28 00:00:00,0.0377,5.193,0
2017-01-29 00:00:00,0.0395,5.4471,0
2017-01-30 00:00:00,0.0324,4.0586,0
2017-01-31 00:00:00,0.0264,5.5664,0
2017-02-01 00:00:00,0.0261,5.683,0
2017-02-02 00:00:00,0.0205,5.8238,0
2017-02-03 00:00:00,0.0265,4.2856,0
2017-02-04 00:00:00,0.0145,2.5885,0
2017-02-05 00:00:00,0.0096,5.23,0
2017-02-06 00:00:00,0.0074,6.4016,0
2017-02-07 00:00:00,0.0064,8.4912,0
2017-02-08 00:00:00,0.0069,9.2107,0
2017-02-09 00:00:00,0.0098,5.4652,0
2017-02-10 00:00:00,0.0055,3.63,0
2017-02-11 00:00:00,0.0018,7.97,0
2017-02-12 00:00:00,0.0022,10.7388,0
2017-02-13 00:00:00,0.0018,6.0036,0
2017-02-14 00:00:00,7e-04,4.9629,0
2017-02-15 00:00:00,0.0025,6.0511,0
2017-02-16 00:00:00,0.0026,4.1867,0
2017-02-17 00:00:00,0.0011,6.6063,0
2017-02-18 00:00:00,0.0014,7.2286,0
2017-02-19 00:00:00,0.0015,9.6885,0
2017-02-20 00:00:00,0.0018,8.5971,0
2017-02-21 00:00:00,0.0019,9.2639,0
2017-02-22 00:00:00,0.0052,8.0212,0
2017-02-23 00:00:00,0.0054,11.592,0
2017-02-24 00:00:00,0.0025,11.463,0
2017-02-25 00:00:00,0.003,10.6014,0
2017-02-26 00:00:00,0.0031,6.9607,0
2017-02-27 00:00:00,0.003,6.1916,0
2017-02-28 00:00:00,0.0059,9.5384,0
2017-03-01 00:00:00,0.01,10.4948,0
2017-03-02 00:00:00,0.0075,7.8755,0
2017-03-03 00:00:00,0.0038,5.6307,0
2017-03-04 00:00:00,0.004,5.3198,0
2017-03-05 00:00:00,0.0041,5.1403,0
2017-03-06 00:00:00,0.0044,6.3224,0
2017-03-07 00:00:00,0.0067,8.9375,0
2017-03-08 00:00:00,0.007,9.5688,0
2017-03-09 00:00:00,0.0049,8.896,0
2017-03-10 00:00:00,0.0052,8.0492,0
2017-03-11 00:00:00,0.0053,4.7207,0
2017-03-12 00:00:00,0.0056,4.8957,0
2017-03-13 00:00:00,0.0074,4.3191,0
2017-03-14 00:00:00,0.0109,3.8478,0
2017-03-15 00:00:00,0.0094,1.0505,0
2017-03-16 00:00:00,0.0063,1.9073,0
2017-03-17 00:00:00,0.0112,3.0961,0
2017-03-18 00:00:00,0.0125,6.3164,0
2017-03-19 00:00:00,0.008,6.4591,0
2017-03-20 00:00:00,0.0075,6.7303,0
2017-03-21 00:00:00,0.0078,9.8971,0
2017-03-22 00:00:00,0.0074,8.6351,0
2017-03-23 00:00:00,0.0075,6.2956,0
2017-03-24 00:00:00,0.0078,8.0731,0
2017-03-25 00:00:00,0.0079,10.8124,0
2017-03-26 00:00:00,0.009,11.0494,0
2017-03-27 00:00:00,0.0095,13.3785,0
2017-03-28 00:00:00,0.0134,13.5911,0
2017-03-29 00:00:00,0.0137,13.5242,0
2017-03-30 00:00:00,0.0091,11.48,0
2017-03-31 00:00:00,0.023,11.5948,0
2017-04-01 00:00:00,0.0231,11.7894,0
2017-04-02 00:00:00,0.0093,10.9908,0
2017-04-03 00:00:00,0.0196,10.5602,0
2017-04-04 00:00:00,0.0196,13.492,0
2017-04-05 00:00:00,0.0077,12.7772,0
2017-04-06 00:00:00,0.0121,12.3978,0
2017-04-07 00:00:00,0.0107,8.1065,0
2017-04-08 00:00:00,0.0052,9.4013,0
2017-04-09 00:00:00,0.0056,10.8352,0
2017-04-10 00:00:00,0.0059,12.3602,0
2017-04-11 00:00:00,0.0063,14.3184,0
2017-04-12 00:00:00,0.0066,15.1284,0
2017-04-13 00:00:00,0.007,14.6246,0
2017-04-14 00:00:00,0.0073,15.2681,0
2017-04-15 00:00:00,0.0125,15.5109,0
2017-04-16 00:00:00,0.0128,16.0701,0
2017-04-17 00:00:00,0.0094,15.3739,0
2017-04-18 00:00:00,0.0105,15.1963,0
2017-04-19 00:00:00,0.0117,12.817,0
2017-04-20 00:00:00,0.0146,15.0448,0
2017-04-21 00:00:00,0.013,16.5691,0
2017-04-22 00:00:00,0.0181,15.2105,0
2017-04-23 00:00:00,0.0317,11.918,0
2017-04-24 00:00:00,0.1249,11.2898,0
2017-04-25 00:00:00,0.1668,12.1893,0
2017-04-26 00:00:00,0.1053,14.5347,0
2017-04-27 00:00:00,0.097,15.7507,0
2017-04-28 00:00:00,0.0985,17.033,0
2017-04-29 00:00:00,0.0902,18.8517,0
2017-04-30 00:00:00,0.0817,19.5683,0
2017-05-01 00:00:00,0.0783,19.1206,0
2017-05-02 00:00:00,0.0795,17.2605,0
2017-05-03 00:00:00,0.0579,16.1802,0
2017-05-04 00:00:00,0.0523,14.9428,0
2017-05-05 00:00:00,0.3589,15.5587,0
2017-05-06 00:00:00,0.2405,14.8434,0
2017-05-07 00:00:00,0.1897,14.4551,0
2017-05-08 00:00:00,0.1789,14.3539,0
2017-05-09 00:00:00,0.1758,14.2315,0
2017-05-10 00:00:00,0.1754,15.9309,0
2017-05-11 00:00:00,0.1671,17.4142,0
2017-05-12 00:00:00,0.1777,15.3076,0
2017-05-13 00:00:00,0.1853,15.1888,0
2017-05-14 00:00:00,0.1611,16.0624,0
2017-05-15 00:00:00,0.1504,17.0705,0
2017-05-16 00:00:00,0.1221,17.4343,0
2017-05-17 00:00:00,0.1059,19.2659,0
2017-05-18 00:00:00,0.0876,20.1608,0
2017-05-19 00:00:00,0.0783,20.5692,0
2017-05-20 00:00:00,0.0803,20.3436,0
2017-05-21 00:00:00,0.069,18.3179,0
2017-05-22 00:00:00,0.0719,18.2266,0
2017-05-23 00:00:00,0.0932,17.1278,0
2017-05-24 00:00:00,0.1781,16.5142,0
2017-05-25 00:00:00,0.2808,16.2931,0
2017-05-26 00:00:00,0.209,17.3466,0
2017-05-27 00:00:00,0.1824,18.6727,0
2017-05-28 00:00:00,0.1722,19.8097,0
2017-05-29 00:00:00,0.1726,20.0284,0
2017-05-30 00:00:00,0.1617,20.4683,0
2017-05-31 00:00:00,0.1503,20.2573,0
2017-06-01 00:00:00,0.1339,20.2418,0
2017-06-02 00:00:00,0.1114,19.9795,0
2017-06-03 00:00:00,0.0908,19.9555,0
2017-06-04 00:00:00,0.0787,20.4443,0
2017-06-05 00:00:00,0.1044,20.2025,0
2017-06-06 00:00:00,0.0988,19.749,0
2017-06-07 00:00:00,0.0719,18.4817,0
2017-06-08 00:00:00,0.0586,17.7302,0
2017-06-09 00:00:00,0.0575,18.1018,0
2017-06-10 00:00:00,0.0514,19.1185,0
2017-06-11 00:00:00,0.0451,20.183,0
2017-06-12 00:00:00,0.0399,20.7081,0
2017-06-13 00:00:00,0.0523,20.8694,0
2017-06-14 00:00:00,0.0552,20.8963,0
2017-06-15 00:00:00,0.0619,21.0337,0
2017-06-16 00:00:00,0.0609,20.9334,0
2017-06-17 00:00:00,0.0815,20.7458,0
2017-06-18 00:00:00,0.1026,22.2267,0
2017-06-19 00:00:00,0.0973,22.1407,0
2017-06-20 00:00:00,0.0996,21.8446,0
2017-06-21 00:00:00,0.0769,22.3085,0
2017-06-22 00:00:00,0.0479,21.9246,0
2017-06-23 00:00:00,0.0318,21.6977,0
2017-06-24 00:00:00,0.0332,20.8586,0
2017-06-25 00:00:00,0.0138,19.0051,0
2017-06-26 00:00:00,0.0116,17.2531,0
2017-06-27 00:00:00,0.0108,16.7651,0
2017-06-28 00:00:00,0.01,16.384,0
2017-06-29 00:00:00,0.0093,17.5159,0
2017-06-30 00:00:00,0.0085,18.3103,0
2017-07-01 00:00:00,0.0077,19.1731,0
2017-07-02 00:00:00,0.0067,19.2891,0
2017-07-03 00:00:00,0.0059,19.0236,0
2017-07-04 00:00:00,0.007,19.0997,0
2017-07-05 00:00:00,0.012,18.6661,0
2017-07-06 00:00:00,0.0106,18.7589,0
2017-07-07 00:00:00,0.0042,19.3706,0
2017-07-08 00:00:00,0.0031,19.2664,0
2017-07-09 00:00:00,0.003,18.76,0
2017-07-10 00:00:00,0.0033,19.0979,0
2017-07-11 00:00:00,0.0034,19.4264,0
2017-07-12 00:00:00,0.0037,19.9511,0
2017-07-13 00:00:00,0.006,20.2805,0
2017-07-14 00:00:00,0.0061,20.5984,0
2017-07-15 00:00:00,0.0044,20.4188,0
2017-07-16 00:00:00,0.0045,19.5449,0
2017-07-17 00:00:00,0.0048,19.5017,0
2017-07-18 00:00:00,0.0133,19.5088,0
2017-07-19 00:00:00,0.0136,19.6598,0
2017-07-20 00:00:00,0.0055,20.3962,0
2017-07-21 00:00:00,0.0056,20.5884,0
2017-07-22 00:00:00,0.0059,21.1365,0
2017-07-23 00:00:00,0.0064,21.4417,0
2017-07-24 00:00:00,0.0245,20.8173,0
2017-07-25 00:00:00,0.0243,20.5792,0
2017-07-26 00:00:00,0.0063,19.4643,0
2017-07-27 00:00:00,0.0073,19.6721,0
2017-07-28 00:00:00,0.0111,19.5469,0
2017-07-29 00:00:00,0.0115,18.8023,0
2017-07-30 00:00:00,0.0078,17.6269,0
2017-07-31 00:00:00,0.0064,17.8369,0
2017-08-01 00:00:00,0.0066,18.7372,0
2017-08-02 00:00:00,0.0116,18.6746,0
2017-08-03 00:00:00,0.0118,19.0409,0
2017-08-04 00:00:00,0.0078,19.3365,0
2017-08-05 00:00:00,0.0074,18.5248,0
2017-08-06 00:00:00,0.0066,17.4691,0
2017-08-07 00:00:00,0.017,18.758,0
2017-08-08 00:00:00,0.019,18.8635,0
2017-08-09 00:00:00,0.0087,18.2448,0
2017-08-10 00:00:00,0.0067,17.7444,0
2017-08-11 00:00:00,0.0075,18.4056,0
2017-08-12 00:00:00,0.0081,19.111,0
2017-08-13 00:00:00,0.0071,19.5067,0
2017-08-14 00:00:00,0.0069,19.0692,0
2017-08-15 00:00:00,0.0085,19.4585,0
2017-08-16 00:00:00,0.0083,19.9829,0
2017-08-17 00:00:00,0.0083,20.4238,0
2017-08-18 00:00:00,0.0085,21.0563,0
2017-08-19 00:00:00,0.007,20.5042,0
2017-08-20 00:00:00,0.0068,20.2244,0
2017-08-21 00:00:00,0.0104,20.6219,0
2017-08-22 00:00:00,0.0104,20.911,0
2017-08-23 00:00:00,0.0068,20.7482,0
2017-08-24 00:00:00,0.007,18.8126,0
2017-08-25 00:00:00,0.007,17.6944,0
2017-08-26 00:00:00,0.007,17.9186,0
2017-08-27 00:00:00,0.007,18.0166,0
2017-08-28 00:00:00,0.007,17.0603,0
2017-08-29 00:00:00,0.0138,16.6029,0
2017-08-30 00:00:00,0.0151,17.179,0
2017-08-31 00:00:00,0.0081,17.8504,0
2017-09-01 00:00:00,0.0201,16.692,0
2017-09-02 00:00:00,0.0259,14.7228,0
2017-09-03 00:00:00,0.0127,15.8683,0
2017-09-04 00:00:00,0.0071,16.7656,0
2017-09-05 00:00:00,0.0087,17.7755,0
2017-09-06 00:00:00,0.0181,16.3116,0
2017-09-07 00:00:00,0.0165,14.2051,0
2017-09-08 00:00:00,0.0071,13.9286,0
2017-09-09 00:00:00,0.0072,14.3455,0
2017-09-10 00:00:00,0.0072,13.6209,0
2017-09-11 00:00:00,0.0074,13.6621,0
2017-09-12 00:00:00,0.0216,14.4756,0
2017-09-13 00:00:00,0.024,16.3978,0
2017-09-14 00:00:00,0.0102,16.5092,0
2017-09-15 00:00:00,0.0078,16.4006,0
2017-09-16 00:00:00,0.0074,16.9205,0
2017-09-17 00:00:00,0.0074,17.398,0
2017-09-18 00:00:00,0.0076,17.7366,0
2017-09-19 00:00:00,0.0077,17.8246,0
2017-09-20 00:00:00,0.0085,18.1839,0
2017-09-21 00:00:00,0.0085,18.1351,0
2017-09-22 00:00:00,0.0075,19.1847,0
2017-09-23 00:00:00,0.0075,18.407,0
2017-09-24 00:00:00,0.0075,18.0107,0
2017-09-25 00:00:00,0.0075,18.4339,0
2017-09-26 00:00:00,0.0075,18.8769,0
2017-09-27 00:00:00,0.0075,19.0626,0
2017-09-28 00:00:00,0.0075,19.1204,0
2017-09-29 00:00:00,0.0078,16.9175,0
2017-09-30 00:00:00,0.0078,15.2891,0
2017-10-01 00:00:00,0.0078,12.9262,0
2017-10-02 00:00:00,0.0078,12.8916,0
2017-10-03 00:00:00,0.0078,13.6857,0
2017-10-04 00:00:00,0.0078,14.114,0
2017-10-05 00:00:00,0.0078,15.1214,0
2017-10-06 00:00:00,0.0078,15.9504,0
2017-10-07 00:00:00,0.0082,16.3248,0
2017-10-08 00:00:00,0.0146,17.6561,0
2017-10-09 00:00:00,0.0308,19.3393,0
2017-10-10 00:00:00,0.0253,19.2574,0
2017-10-11 00:00:00,0.0199,19.5654,0
2017-10-12 00:00:00,0.0203,18.4558,0
2017-10-13 00:00:00,0.0103,16.3458,0
2017-10-14 00:00:00,0.0091,17.2324,0
2017-10-15 00:00:00,0.0081,16.326,0
2017-10-16 00:00:00,0.0085,16.0353,0
2017-10-17 00:00:00,0.0085,15.7446,0
2017-10-18 00:00:00,0.0081,15.4539,0
2017-10-19 00:00:00,0.0081,15.1631,0
2017-10-20 00:00:00,0.0082,14.8724,0
2017-10-21 00:00:00,0.0082,14.5817,0
2017-10-22 00:00:00,0.0082,14.291,0
2017-10-23 00:00:00,0.0342,14.0003,0
2017-10-24 00:00:00,0.0342,13.7096,0
2017-10-25 00:00:00,0.0082,13.4189,0
2017-10-26 00:00:00,0.0082,13.1282,0
2017-10-27 00:00:00,0.0082,12.8374,0
2017-10-28 00:00:00,0.0102,12.5467,0
2017-10-29 00:00:00,0.0178,12.256,0
2017-10-30 00:00:00,0.0159,11.9653,0
2017-10-31 00:00:00,0.0083,11.6746,0
2017-11-01 00:00:00,0.0083,11.3839,0
2017-11-02 00:00:00,0.0083,11.0932,0
2017-11-03 00:00:00,0.0085,10.8024,0
2017-11-04 00:00:00,0.0133,10.5117,0
2017-11-05 00:00:00,0.0131,10.221,0
2017-11-06 00:00:00,0.0089,9.9303,0
2017-11-07 00:00:00,0.0099,9.6396,0
2017-11-08 00:00:00,0.0103,9.3489,0
2017-11-09 00:00:00,0.0116,9.0582,0
2017-11-10 00:00:00,0.0108,8.7675,0
2017-11-11 00:00:00,0.0086,8.4767,0
2017-11-12 00:00:00,0.0104,8.186,0
2017-11-13 00:00:00,0.0104,7.8953,0
2017-11-14 00:00:00,0.0074,7.2951,0
2017-11-15 00:00:00,0.0071,7.3375,0
2017-11-16 00:00:00,0.0071,7.549,0
2017-11-17 00:00:00,0.0063,6.1892,0
2017-11-18 00:00:00,0.0063,7.4035,0
2017-11-19 00:00:00,0.0091,7.6882,0
2017-11-20 00:00:00,0.0075,5.2898,0
2017-11-21 00:00:00,0.0067,5.9479,0
2017-11-22 00:00:00,0.0092,7.0029,0
2017-11-23 00:00:00,0.009,4.6227,0
2017-11-24 00:00:00,0.0078,4.852,0
2017-11-25 00:00:00,0.0071,6.1401,0
2017-11-26 00:00:00,0.0074,6.0947,0
2017-11-27 00:00:00,0.007,5.627,0
2017-11-28 00:00:00,0.0067,5.8891,0
2017-11-29 00:00:00,0.0063,6.4783,0
2017-11-30 00:00:00,0.0052,7.0443,0
2017-12-01 00:00:00,0.0059,7.1235,0
2017-12-02 00:00:00,0.0037,6.4228,0
2017-12-03 00:00:00,0.004,6.633,0
2017-12-04 00:00:00,0.0033,6.3557,0
2017-12-05 00:00:00,0.0039,7.4673,0
2017-12-06 00:00:00,0.0042,6.6905,0
2017-12-07 00:00:00,0.0021,5.5908,0
2017-12-08 00:00:00,0.0026,4.314,0
2017-12-09 00:00:00,0.0085,3.928,0
2017-12-10 00:00:00,0.0077,2.7184,0
2017-12-11 00:00:00,0.0032,2.9494,0
2017-12-12 00:00:00,0.0054,3.3013,0
2017-12-13 00:00:00,0.0058,0.8573,0
2017-12-14 00:00:00,0.0026,2.5328,0
2017-12-15 00:00:00,0.0026,2.1054,0
2017-12-16 00:00:00,0.0015,2.138,0
2017-12-17 00:00:00,0.0024,3.2298,0
2017-12-18 00:00:00,0.0039,5.2755,0
2017-12-19 00:00:00,0.0041,5.9545,0
2017-12-20 00:00:00,0.0023,6.7396,0
2017-12-21 00:00:00,0.0023,4.7987,0
2017-12-22 00:00:00,0.0031,5.6178,0
2017-12-23 00:00:00,0.0072,7.8645,0
2017-12-24 00:00:00,0.0053,6.0382,0
2017-12-25 00:00:00,0.0026,2.4845,0
2017-12-26 00:00:00,0.002,1.6299,0
2017-12-27 00:00:00,0.0022,1.5084,0
2017-12-28 00:00:00,0.0026,0.2771,0
2017-12-29 00:00:00,0.0022,0.2604,0
2017-12-30 00:00:00,0.0018,0.2555,0
2017-12-31 00:00:00,0.0071,0.2138,0
2018-01-01 00:00:00,0.0205,0.1809,0
2018-01-02 00:00:00,0.0124,0.1724,0
2018-01-03 00:00:00,0.0044,0.1052,0
2018-01-04 00:00:00,0.0204,-0.0682,0
2018-01-05 00:00:00,0.0362,-0.3025,0
2018-01-06 00:00:00,0.0191,-1.0428,0
2018-01-07 00:00:00,0.0212,-1.2658,0
2018-01-08 00:00:00,0.0082,-0.4297,0
2018-01-09 00:00:00,0.0044,0.2212,0
2018-01-10 00:00:00,7e-04,0.2685,0
2018-01-11 00:00:00,0.005,0.2594,0
2018-01-12 00:00:00,0.0251,2.6067,0
2018-01-13 00:00:00,0.0233,2.0327,0
2018-01-14 00:00:00,0.0057,0.2303,0
2018-01-15 00:00:00,0.0093,0.2368,0
2018-01-16 00:00:00,0.0082,0.2464,0
2018-01-17 00:00:00,0.0074,0.2081,0
2018-01-18 00:00:00,0.0078,0.2212,0
2018-01-19 00:00:00,0.0089,0.2462,0
2018-01-20 00:00:00,0.0104,0.435,0
2018-01-21 00:00:00,0.0126,2.691,0
2018-01-22 00:00:00,0.0093,4.6719,0
2018-01-23 00:00:00,0.0093,5.8927,0
2018-01-24 00:00:00,0.009,3.6049,0
2018-01-25 00:00:00,0.0045,2.1764,0
2018-01-26 00:00:00,0.0041,2.1473,0
2018-01-27 00:00:00,0.0038,3.3941,0
2018-01-28 00:00:00,0.011,5.6485,0
2018-01-29 00:00:00,0.0145,5.1495,0
2018-01-30 00:00:00,0.0072,2.0078,0
2018-01-31 00:00:00,0.0037,0.9441,0
2018-02-01 00:00:00,0.0041,2.4587,0
2018-02-02 00:00:00,0.0044,1.7499,0
2018-02-03 00:00:00,0.0041,0.3057,0
2018-02-04 00:00:00,0.0336,0.5597,0
2018-02-05 00:00:00,0.0354,1.6744,0
2018-02-06 00:00:00,0.0058,2.1591,0
2018-02-07 00:00:00,0.0732,2.9131,0
2018-02-08 00:00:00,0.0615,2.6871,0
2018-02-09 00:00:00,0.0028,2.7457,0
2018-02-10 00:00:00,0.0219,4.1137,0
2018-02-11 00:00:00,0.0828,7.1514,0
2018-02-12 00:00:00,0.0337,7.6641,0
2018-02-13 00:00:00,0.0111,5.6416,0
2018-02-14 00:00:00,0.0044,5.8762,0
2018-02-15 00:00:00,0.0022,9.1304,0
2018-02-16 00:00:00,0.0021,9.9151,0
2018-02-17 00:00:00,0.0037,6.272,0
2018-02-18 00:00:00,0.0028,6.0506,0
2018-02-19 00:00:00,0.004,6.5546,0
2018-02-20 00:00:00,0.0043,9.096,0
2018-02-21 00:00:00,0.0015,10.9044,0
2018-02-22 00:00:00,0.0018,12.7169,0
2018-02-23 00:00:00,0.0023,10.8165,0
2018-02-24 00:00:00,0.0043,11.1411,0
2018-02-25 00:00:00,0.0073,11.8334,0
2018-02-26 00:00:00,0.0083,9.9539,0
2018-02-27 00:00:00,0.0067,7.8217,0
2018-02-28 00:00:00,0.0063,8.1428,0
2018-03-01 00:00:00,0.0182,9.2743,0
2018-03-02 00:00:00,0.0213,6.7789,0
2018-03-03 00:00:00,0.0123,5.2123,0
2018-03-04 00:00:00,0.0101,5.6586,0
2018-03-05 00:00:00,0.0089,5.7673,0
2018-03-06 00:00:00,0.0093,4.9697,0
2018-03-07 00:00:00,0.01,5.4223,0
2018-03-08 00:00:00,0.0099,4.3035,0
2018-03-09 00:00:00,0.0091,3.6685,0
2018-03-10 00:00:00,0.0082,4.577,0
2018-03-11 00:00:00,0.0079,5.5891,0
2018-03-12 00:00:00,0.0196,3.7149,0
2018-03-13 00:00:00,0.0236,3.9694,0
2018-03-14 00:00:00,0.0203,3.1249,0
2018-03-15 00:00:00,0.021,4.2656,0
2018-03-16 00:00:00,0.0203,5.5354,0
2018-03-17 00:00:00,0.0251,6.1315,0
2018-03-18 00:00:00,0.041,8.1904,0
2018-03-19 00:00:00,0.0258,8.641,0
2018-03-20 00:00:00,0.0712,7.2188,0
2018-03-21 00:00:00,0.0787,5.2289,0
2018-03-22 00:00:00,0.0601,5.4051,0
2018-03-23 00:00:00,0.0522,5.7069,0
2018-03-24 00:00:00,0.06,4.7389,0
2018-03-25 00:00:00,0.0645,5.7117,0
2018-03-26 00:00:00,0.0538,6.1061,0
2018-03-27 00:00:00,0.0586,5.6503,0
2018-03-28 00:00:00,0.0593,7.7721,0
2018-03-29 00:00:00,0.0543,10.1432,0
2018-03-30 00:00:00,0.058,10.6068,0
2018-03-31 00:00:00,0.0514,8.9767,0
2018-04-01 00:00:00,0.0481,9.5019,0
2018-04-02 00:00:00,0.0472,10.2411,0
2018-04-03 00:00:00,0.0467,9.967,0
2018-04-04 00:00:00,0.0457,10.7253,0
2018-04-05 00:00:00,0.0427,8.5069,0
2018-04-06 00:00:00,0.0398,9.5411,0
2018-04-07 00:00:00,0.0417,9.125,0
2018-04-08 00:00:00,0.0396,8.2227,0
2018-04-09 00:00:00,0.0353,7.444,0
2018-04-10 00:00:00,0.0335,8.7718,0
2018-04-11 00:00:00,0.0302,9.6321,0
2018-04-12 00:00:00,0.0286,11.1657,0
2018-04-13 00:00:00,0.0271,12.982,0
2018-04-14 00:00:00,0.0254,14.399,0
2018-04-15 00:00:00,0.0665,14.4448,0
2018-04-16 00:00:00,0.1213,12.2136,0
2018-04-17 00:00:00,0.0809,10.5617,0
2018-04-18 00:00:00,0.0649,12.4288,0
2018-04-19 00:00:00,0.0637,11.5876,0
2018-04-20 00:00:00,0.0537,10.8227,0
2018-04-21 00:00:00,0.0477,11.5033,0
2018-04-22 00:00:00,0.0448,12.0704,0
2018-04-23 00:00:00,0.0506,11.969,0
2018-04-24 00:00:00,0.1388,11.3607,0
2018-04-25 00:00:00,0.2266,12.1661,0
2018-04-26 00:00:00,0.1936,13.0201,0
2018-04-27 00:00:00,0.1787,14.0182,0
2018-04-28 00:00:00,0.1677,14.4022,0
2018-04-29 00:00:00,0.154,13.03,0
2018-04-30 00:00:00,0.1383,13.3093,0
2018-05-01 00:00:00,0.1223,14.4236,0
2018-05-02 00:00:00,0.1082,16.0705,0
2018-05-03 00:00:00,0.0991,17.5535,0
2018-05-04 00:00:00,0.0899,18.8568,0
2018-05-05 00:00:00,0.0771,18.5923,0
2018-05-06 00:00:00,0.0725,17.9849,0
2018-05-07 00:00:00,0.0669,17.3202,0
2018-05-08 00:00:00,0.0677,17.6078,0
2018-05-09 00:00:00,0.0601,17.8228,0
2018-05-10 00:00:00,0.0566,18.4222,0
2018-05-11 00:00:00,0.0542,19.1846,0
2018-05-12 00:00:00,0.0514,20.4144,0
2018-05-13 00:00:00,0.047,21.0675,0
2018-05-14 00:00:00,0.0439,21.5442,0
2018-05-15 00:00:00,0.0597,21.0005,0
2018-05-16 00:00:00,0.1124,20.1577,0
2018-05-17 00:00:00,0.2396,19.9583,0
2018-05-18 00:00:00,0.3187,18.1505,0
2018-05-19 00:00:00,0.2913,17.7242,0
2018-05-20 00:00:00,0.2185,19.3894,0
2018-05-21 00:00:00,0.199,20.8702,0
2018-05-22 00:00:00,0.208,21.2784,0
2018-05-23 00:00:00,0.2058,21.5515,0
2018-05-24 00:00:00,0.1897,22.0754,0
2018-05-25 00:00:00,0.1857,22.4361,0
2018-05-26 00:00:00,0.1928,22.4927,0
2018-05-27 00:00:00,0.2089,22.4193,0
2018-05-28 00:00:00,0.2119,22.026,0
2018-05-29 00:00:00,0.1986,21.9347,0
2018-05-30 00:00:00,0.1994,22.1151,0
2018-05-31 00:00:00,0.2021,22.5185,0
2018-06-01 00:00:00,0.2014,22.6523,0
2018-06-02 00:00:00,0.1918,22.5862,0
2018-06-03 00:00:00,0.1878,22.6713,0
2018-06-04 00:00:00,0.1823,22.3719,0
2018-06-05 00:00:00,0.1801,22.0535,0
2018-06-06 00:00:00,0.1793,22.2202,0
2018-06-07 00:00:00,0.1772,22.2152,0
2018-06-08 00:00:00,0.1782,23.2117,0
2018-06-09 00:00:00,0.1781,24.2015,0
2018-06-10 00:00:00,0.1424,23.3617,0
2018-06-11 00:00:00,0.0332,19.7041,0
2018-06-12 00:00:00,0.0184,17.3723,0
2018-06-13 00:00:00,0.0166,18.2472,0
2018-06-14 00:00:00,0.0176,19.3901,0
2018-06-15 00:00:00,0.0265,19.1227,0
2018-06-16 00:00:00,0.0335,20.1766,0
2018-06-17 00:00:00,0.0362,21.4332,0
2018-06-18 00:00:00,0.1563,24.737,0
2018-06-19 00:00:00,0.1761,26.0231,0
2018-06-20 00:00:00,0.169,26.0146,0
2018-06-21 00:00:00,0.1615,25.4933,0
2018-06-22 00:00:00,0.1654,25.0223,0
2018-06-23 00:00:00,0.1302,24.4092,0
2018-06-24 00:00:00,0.1009,24.2551,0
2018-06-25 00:00:00,0.0918,23.5923,0
2018-06-26 00:00:00,0.0974,22.1661,0
2018-06-27 00:00:00,0.0839,21.8117,0
2018-06-28 00:00:00,0.0622,22.2665,0
2018-06-29 00:00:00,0.0494,22.4867,0
2018-06-30 00:00:00,0.0413,22.8705,0
2018-07-01 00:00:00,0.0334,23.2232,0
2018-07-02 00:00:00,0.0279,23.3528,0
2018-07-03 00:00:00,0.0219,23.3886,0
2018-07-04 00:00:00,0.0135,23.3397,0
2018-07-05 00:00:00,0.0079,22.6543,0
2018-07-06 00:00:00,0.0191,21.9492,0
2018-07-07 00:00:00,0.0181,20.0475,0
2018-07-08 00:00:00,0.0013,18.4096,0
2018-07-09 00:00:00,8e-04,18.2706,0
2018-07-10 00:00:00,0.001,19.5145,0
2018-07-11 00:00:00,0.0027,20.5858,0
2018-07-12 00:00:00,0.0023,20.6195,0
2018-07-13 00:00:00,8e-04,20.5859,0
2018-07-14 00:00:00,0.0011,20.0862,0
2018-07-15 00:00:00,0.0014,20.2506,0
2018-07-16 00:00:00,0.0055,20.931,0
2018-07-17 00:00:00,0.0072,21.0748,0
2018-07-18 00:00:00,0.0034,20.4148,0
2018-07-19 00:00:00,0.0015,18.9759,0
2018-07-20 00:00:00,0.0015,19.2485,0
2018-07-21 00:00:00,0.0089,19.3557,0
2018-07-22 00:00:00,0.0157,19.042,0
2018-07-23 00:00:00,0.0206,18.9587,0
2018-07-24 00:00:00,0.0233,19.389,0
2018-07-25 00:00:00,0.0297,19.1577,0
2018-07-26 00:00:00,0.0152,19.604,0
2018-07-27 00:00:00,0.003,20.0864,0
2018-07-28 00:00:00,0.0019,19.7999,0
2018-07-29 00:00:00,0.001,19.244,0
2018-07-30 00:00:00,0.0065,19.8555,0
2018-07-31 00:00:00,0.0094,19.4264,0
2018-08-01 00:00:00,0.0095,19.8906,0
2018-08-02 00:00:00,0.0341,19.7009,0
2018-08-03 00:00:00,0.0267,19.1111,0
2018-08-04 00:00:00,0.0093,19.664,0
2018-08-05 00:00:00,0.0026,20.3637,0
2018-08-06 00:00:00,0.0018,20.6046,0
2018-08-07 00:00:00,0.003,20.7632,0
2018-08-08 00:00:00,0.0033,20.8025,0
2018-08-09 00:00:00,0.0019,20.7215,0
2018-08-10 00:00:00,4e-04,20.3407,0
2018-08-11 00:00:00,0.0021,20.5299,0
2018-08-12 00:00:00,0.0034,20.0085,0
2018-08-13 00:00:00,0.0024,19.3985,0
2018-08-14 00:00:00,0.0017,18.8217,0
2018-08-15 00:00:00,0.0013,19.1046,0
2018-08-16 00:00:00,0.0011,20.0697,0
2018-08-17 00:00:00,0.0015,20.8776,0
2018-08-18 00:00:00,0.0068,20.466,0
2018-08-19 00:00:00,0.009,20.1869,0
2018-08-20 00:00:00,0.004,20.0305,0
2018-08-21 00:00:00,0.024,20.16,0
2018-08-22 00:00:00,0.0182,19.8529,0
2018-08-23 00:00:00,0.0023,17.6858,0
2018-08-24 00:00:00,0.0022,16.7946,0
2018-08-25 00:00:00,0.0019,17.3564,0
2018-08-26 00:00:00,0.0021,18.319,0
2018-08-27 00:00:00,0.002,19.8564,0
2018-08-28 00:00:00,0.0017,20.448,0
2018-08-29 00:00:00,0.0012,20.7037,0
2018-08-30 00:00:00,0.0035,20.8805,0
2018-08-31 00:00:00,0.0034,20.4367,0
2018-09-01 00:00:00,0.006,20.2593,0
2018-09-02 00:00:00,0.0089,20.0485,0
2018-09-03 00:00:00,0.0099,20.8565,0
2018-09-04 00:00:00,0.013,21.1256,0
2018-09-05 00:00:00,0.016,21.3304,0
2018-09-06 00:00:00,0.0195,21.0014,0
2018-09-07 00:00:00,0.0225,21.0059,0
2018-09-08 00:00:00,0.0309,20.4693,0
2018-09-09 00:00:00,0.0404,17.7854,0
2018-09-10 00:00:00,0.0233,17.4676,0
2018-09-11 00:00:00,0.0141,18.5356,0
2018-09-12 00:00:00,0.0226,19.2385,0
2018-09-13 00:00:00,0.0148,19.7874,0
2018-09-14 00:00:00,0.0051,19.9364,0
2018-09-15 00:00:00,0.0108,19.806,0
2018-09-16 00:00:00,0.0432,19.4269,0
2018-09-17 00:00:00,0.1503,19.4578,0
2018-09-18 00:00:00,0.044,19.4108,0
2018-09-19 00:00:00,0.0063,19.2999,0
2018-09-20 00:00:00,0.002,19.7402,0
2018-09-21 00:00:00,0.0011,20.3711,0
2018-09-22 00:00:00,0.0413,20.0111,0
2018-09-23 00:00:00,0.1622,17.9377,0
2018-09-24 00:00:00,0.0448,17.087,0
2018-09-25 00:00:00,0.0154,17.7583,0
2018-09-26 00:00:00,0.011,18.4175,0
2018-09-27 00:00:00,0.0358,17.5107,0
2018-09-28 00:00:00,0.052,16.9465,0
2018-09-29 00:00:00,0.0266,17.0695,0
2018-09-30 00:00:00,0.0175,17.0877,0
2018-10-01 00:00:00,0.0153,18.019,0
2018-10-02 00:00:00,0.0146,18.4229,0
2018-10-03 00:00:00,0.0128,18.7971,0
2018-10-04 00:00:00,0.0089,19.1808,0
2018-10-05 00:00:00,0.0068,19.3911,0
2018-10-06 00:00:00,0.0053,19.1849,0
2018-10-07 00:00:00,0.0062,19.3694,0
2018-10-08 00:00:00,0.0048,19.5387,0
2018-10-09 00:00:00,0.0047,19.2971,0
2018-10-10 00:00:00,0.0268,19.1385,0
2018-10-11 00:00:00,0.29,19.034,0
2018-10-12 00:00:00,0.2528,16.995,0
2018-10-13 00:00:00,0.1632,16.4398,0
2018-10-14 00:00:00,0.155,15.8619,0
2018-10-15 00:00:00,0.1669,16.9295,0
2018-10-16 00:00:00,0.1741,16.8824,0
2018-10-17 00:00:00,0.1552,15.9825,0
2018-10-18 00:00:00,0.1282,14.5701,0
2018-10-19 00:00:00,0.1014,14.3596,0
2018-10-20 00:00:00,0.0865,14.9314,0
2018-10-21 00:00:00,0.0723,11.9542,0
2018-10-22 00:00:00,0.0578,11.4794,0
2018-10-23 00:00:00,0.053,12.3609,0
2018-10-24 00:00:00,0.0463,11.5028,0
2018-10-25 00:00:00,0.0415,10.5493,0
2018-10-26 00:00:00,0.0674,10.3007,0
2018-10-27 00:00:00,0.0765,11.1505,0
2018-10-28 00:00:00,0.0524,11.0856,0
2018-10-29 00:00:00,0.0469,10.7992,0
2018-10-30 00:00:00,0.0402,10.5796,0
2018-10-31 00:00:00,0.0359,11.8647,0
2018-11-01 00:00:00,0.032,13.009,0
2018-11-02 00:00:00,0.0462,13.8831,0
2018-11-03 00:00:00,0.0455,10.9378,0
2018-11-04 00:00:00,0.0316,10.1506,0
2018-11-05 00:00:00,0.0318,11.6126,0
2018-11-06 00:00:00,0.0367,12.4864,0
2018-11-07 00:00:00,0.0342,11.819,0
2018-11-08 00:00:00,0.0257,11.6982,0
2018-11-09 00:00:00,0.0313,10.311,0
2018-11-10 00:00:00,0.0299,8.077,0
2018-11-11 00:00:00,0.0201,6.2357,0
2018-11-12 00:00:00,0.0483,6.5743,0
2018-11-13 00:00:00,0.0892,8.5786,0
2018-11-14 00:00:00,0.0594,7.9847,0
2018-11-15 00:00:00,0.1581,7.5105,0
2018-11-16 00:00:00,0.1992,8.0229,0
2018-11-17 00:00:00,0.1551,8.1175,0
2018-11-18 00:00:00,0.1439,8.166,0
2018-11-19 00:00:00,0.1417,8.5987,0
2018-11-20 00:00:00,0.1291,8.548,0
2018-11-21 00:00:00,0.1108,7.4521,0
2018-11-22 00:00:00,0.0976,7.2945,0
2018-11-23 00:00:00,0.0839,6.0604,0
2018-11-24 00:00:00,0.1299,6.3669,0
2018-11-25 00:00:00,0.1377,7.4544,0
2018-11-26 00:00:00,0.1122,7.6702,0
2018-11-27 00:00:00,0.1066,5.6926,0
2018-11-28 00:00:00,0.0973,3.8966,0
2018-11-29 00:00:00,0.0881,4.6338,0
2018-11-30 00:00:00,0.0871,6.613,0
2018-12-01 00:00:00,0.0886,6.46,0
2018-12-02 00:00:00,0.0782,7.1291,0
2018-12-03 00:00:00,0.0744,7.0272,0
2018-12-04 00:00:00,0.0667,5.7977,0
2018-12-05 00:00:00,0.0629,5.0964,0
2018-12-06 00:00:00,0.0571,4.3724,0
2018-12-07 00:00:00,0.0534,4.7164,0
2018-12-08 00:00:00,0.0496,4.4161,0
2018-12-09 00:00:00,0.0601,1.958,0
2018-12-10 00:00:00,0.064,3.6596,0
2018-12-11 00:00:00,0.0608,3.0649,0
2018-12-12 00:00:00,0.0565,3.7509,0
2018-12-13 00:00:00,0.0572,4.4279,0
2018-12-14 00:00:00,0.0915,4.6804,0
2018-12-15 00:00:00,0.2048,5.7608,0
2018-12-16 00:00:00,0.2229,5.98,0
2018-12-17 00:00:00,0.191,5.4025,0
2018-12-18 00:00:00,0.1905,4.7509,0
2018-12-19 00:00:00,0.1809,4.6664,0
2018-12-20 00:00:00,0.2263,5.5084,0
2018-12-21 00:00:00,0.2762,6.9216,0
2018-12-22 00:00:00,0.2251,5.5727,0
2018-12-23 00:00:00,0.2016,5.1755,0
2018-12-24 00:00:00,0.1939,4.9589,0
2018-12-25 00:00:00,0.1886,4.7806,0
2018-12-26 00:00:00,0.1839,4.4919,0
2018-12-27 00:00:00,0.1802,4.6101,0
2018-12-28 00:00:00,0.2434,5.7643,0
2018-12-29 00:00:00,0.2337,6.1419,0
2018-12-30 00:00:00,0.1957,5.9739,0
2018-12-31 00:00:00,0.1842,6.2933,0
2019-01-01 00:00:00,0.1806,6.9191,0
2019-01-02 00:00:00,0.1764,6.1617,0
2019-01-03 00:00:00,0.1803,6.369,0
2019-01-04 00:00:00,0.1825,6.1063,0
2019-01-05 00:00:00,0.1813,6.2535,0
2019-01-06 00:00:00,0.1726,5.9628,0
2019-01-07 00:00:00,0.1697,5.6884,0
2019-01-08 00:00:00,0.1697,6.4259,0
2019-01-09 00:00:00,0.172,5.4665,0
2019-01-10 00:00:00,0.1857,3.7705,0
2019-01-11 00:00:00,0.1771,3.4786,0
2019-01-12 00:00:00,0.1696,3.4648,0
2019-01-13 00:00:00,0.17,3.2991,0
2019-01-14 00:00:00,0.1562,3.579,0
2019-01-15 00:00:00,0.1596,3.742,0
2019-01-16 00:00:00,0.1544,3.5771,0
2019-01-17 00:00:00,0.149,3.3302,0
2019-01-18 00:00:00,0.1463,4.106,0
2019-01-19 00:00:00,0.1685,4.1434,0
2019-01-20 00:00:00,0.2256,3.6905,0
2019-01-21 00:00:00,0.1903,1.3245,0
2019-01-22 00:00:00,0.1491,1.7139,0
2019-01-23 00:00:00,0.1437,3.1187,0
2019-01-24 00:00:00,0.1901,4.3007,0
2019-01-25 00:00:00,0.1913,2.8461,0
2019-01-26 00:00:00,0.1655,2.6816,0
2019-01-27 00:00:00,0.1509,3.0083,0
2019-01-28 00:00:00,0.1365,3.4169,0
2019-01-29 00:00:00,0.1309,3.2822,0
2019-01-30 00:00:00,0.1273,1.9857,0
2019-01-31 00:00:00,0.1197,1.6218,0
2019-02-01 00:00:00,0.1123,2.7114,0
2019-02-02 00:00:00,0.1097,3.5382,0
2019-02-03 00:00:00,0.1071,4.6214,0
2019-02-04 00:00:00,0.104,5.0475,0
2019-02-05 00:00:00,0.0996,6.0566,0
2019-02-06 00:00:00,0.095,6.3624,0
2019-02-07 00:00:00,0.0979,7.5664,0
2019-02-08 00:00:00,0.0932,6.8695,0
2019-02-09 00:00:00,0.0834,4.335,0
2019-02-10 00:00:00,0.0802,3.8206,0
2019-02-11 00:00:00,0.0852,5.0311,0
2019-02-12 00:00:00,0.1133,4.7755,0
2019-02-13 00:00:00,0.1185,4.7637,0
2019-02-14 00:00:00,0.0988,4.979,0
2019-02-15 00:00:00,0.0936,6.1724,0
2019-02-16 00:00:00,0.108,5.6647,0
2019-02-17 00:00:00,0.1252,4.6497,0
2019-02-18 00:00:00,0.149,5.178,0
2019-02-19 00:00:00,0.1319,4.8675,0
2019-02-20 00:00:00,0.2019,3.4522,0
2019-02-21 00:00:00,0.2601,5.2185,0
2019-02-22 00:00:00,0.2666,5.569,0
2019-02-23 00:00:00,0.3153,5.5351,0
2019-02-24 00:00:00,0.2824,6.0362,0
2019-02-25 00:00:00,0.2277,5.1311,0
2019-02-26 00:00:00,0.2103,5.6501,0
2019-02-27 00:00:00,0.1991,5.591,0
2019-02-28 00:00:00,0.1873,6.4874,0
2019-03-01 00:00:00,0.1978,5.7334,0
2019-03-02 00:00:00,0.2001,6.5055,0
2019-03-03 00:00:00,0.1944,6.1282,0
2019-03-04 00:00:00,0.2051,5.4806,0
2019-03-05 00:00:00,0.1898,4.9576,0
2019-03-06 00:00:00,0.1869,4.4268,0
2019-03-07 00:00:00,0.1786,4.726,0
2019-03-08 00:00:00,0.1783,4.7344,0
2019-03-09 00:00:00,0.1807,4.9725,0
2019-03-10 00:00:00,0.1769,6.1633,0
2019-03-11 00:00:00,0.1856,6.1016,0
2019-03-12 00:00:00,0.1794,5.8295,0
2019-03-13 00:00:00,0.1775,6.2728,0
2019-03-14 00:00:00,0.1778,7.6523,0
2019-03-15 00:00:00,0.1808,8.7864,0
2019-03-16 00:00:00,0.1818,7.2803,0
2019-03-17 00:00:00,0.1804,7.2817,0
2019-03-18 00:00:00,0.1816,7.3181,0
2019-03-19 00:00:00,0.1801,7.2953,0
2019-03-20 00:00:00,0.1789,7.6744,0
2019-03-21 00:00:00,0.1816,8.3844,0
2019-03-22 00:00:00,0.18,7.9911,0
2019-03-23 00:00:00,0.1666,7.6116,0
2019-03-24 00:00:00,0.1675,8.2903,0
2019-03-25 00:00:00,0.1652,9.0726,0
2019-03-26 00:00:00,0.1612,9.2511,0
2019-03-27 00:00:00,0.1513,8.6871,0
2019-03-28 00:00:00,0.1503,9.2636,0
2019-03-29 00:00:00,0.1528,10.4109,0
2019-03-30 00:00:00,0.1537,11.4666,0
2019-03-31 00:00:00,0.1571,11.1244,0
2019-04-01 00:00:00,0.1654,9.2625,0
2019-04-02 00:00:00,0.1648,9.0109,0
2019-04-03 00:00:00,0.1551,9.9302,0
2019-04-04 00:00:00,0.1376,10.9882,0
2019-04-05 00:00:00,0.1392,10.8041,0
2019-04-06 00:00:00,0.1373,11.8309,0
2019-04-07 00:00:00,0.119,12.3131,0
2019-04-08 00:00:00,0.1446,13.0772,0
2019-04-09 00:00:00,0.1591,13.7762,0
2019-04-10 00:00:00,0.1338,13.74,0
2019-04-11 00:00:00,0.1208,14.126,0
2019-04-12 00:00:00,0.126,14.4519,0
2019-04-13 00:00:00,0.1495,14.5658,0
2019-04-14 00:00:00,0.2738,14.3834,0
2019-04-15 00:00:00,0.3306,12.6753,0
2019-04-16 00:00:00,0.2149,12.622,0
2019-04-17 00:00:00,0.201,14.1231,0
2019-04-18 00:00:00,0.1965,15.3758,0
2019-04-19 00:00:00,0.2263,15.5501,0
2019-04-20 00:00:00,0.232,14.2302,0
2019-04-21 00:00:00,0.1982,13.8486,0
2019-04-22 00:00:00,0.1958,14.3267,0
2019-04-23 00:00:00,0.1987,15.529,0
2019-04-24 00:00:00,0.1962,16.3532,0
2019-04-25 00:00:00,0.1927,16.7806,0
2019-04-26 00:00:00,0.1989,16.1058,0
2019-04-27 00:00:00,0.1949,14.7848,0
2019-04-28 00:00:00,0.1946,15.7818,0
2019-04-29 00:00:00,0.1894,14.9822,0
2019-04-30 00:00:00,0.1917,16.3771,0
2019-05-01 00:00:00,0.192,17.9237,0
2019-05-02 00:00:00,0.1911,18.8425,0
2019-05-03 00:00:00,0.1972,19.5312,0
2019-05-04 00:00:00,0.1967,19.7192,0
2019-05-05 00:00:00,0.1876,19.4309,0
2019-05-06 00:00:00,0.1756,19.2669,0
2019-05-07 00:00:00,0.1656,19.1028,0
2019-05-08 00:00:00,0.1537,19.6682,0
2019-05-09 00:00:00,0.139,19.7828,0
2019-05-10 00:00:00,0.1248,19.7043,0
2019-05-11 00:00:00,0.123,19.4602,0
2019-05-12 00:00:00,0.1413,19.2897,0
2019-05-13 00:00:00,0.1384,17.9961,0
2019-05-14 00:00:00,0.1178,16.1145,0
2019-05-15 00:00:00,0.1022,15.8996,0
2019-05-16 00:00:00,0.0913,16.5946,0
2019-05-17 00:00:00,0.0832,17.6326,0
2019-05-18 00:00:00,0.0756,18.633,0
2019-05-19 00:00:00,0.0683,19.7027,0
2019-05-20 00:00:00,0.0622,19.7286,0
2019-05-21 00:00:00,0.0555,18.7505,0
2019-05-22 00:00:00,0.0503,17.8501,0
2019-05-23 00:00:00,0.0495,19.2118,0
2019-05-24 00:00:00,0.047,20.0956,0
2019-05-25 00:00:00,0.0488,20.3569,0
2019-05-26 00:00:00,0.056,20.5558,0
2019-05-27 00:00:00,0.0531,20.7534,0
2019-05-28 00:00:00,0.0484,20.9509,0
2019-05-29 00:00:00,0.0495,20.9627,0
2019-05-30 00:00:00,0.0481,20.5243,0
2019-05-31 00:00:00,0.0493,19.8348,0
2019-06-01 00:00:00,0.0496,19.1902,0
2019-06-02 00:00:00,0.0398,19.3172,0
2019-06-03 00:00:00,0.0536,18.2577,0
2019-06-04 00:00:00,0.0676,17.1436,0
2019-06-05 00:00:00,0.0819,18.0352,0
2019-06-06 00:00:00,0.0975,18.3638,0
2019-06-07 00:00:00,0.1292,18.6924,0
2019-06-08 00:00:00,0.1858,18.1773,0
2019-06-09 00:00:00,0.1699,18.9086,0
2019-06-10 00:00:00,0.1494,19.5087,0
2019-06-11 00:00:00,0.1633,19.087,0
2019-06-12 00:00:00,0.1313,18.813,0
2019-06-13 00:00:00,0.1224,18.9328,0
2019-06-14 00:00:00,0.1005,17.701,0
2019-06-15 00:00:00,0.0876,18.3533,0
2019-06-16 00:00:00,0.0846,19.5144,0
2019-06-17 00:00:00,0.0846,19.9636,0
2019-06-18 00:00:00,0.0845,20.4129,0
2019-06-19 00:00:00,0.0794,20.6182,0
2019-06-20 00:00:00,0.0731,20.7097,0
2019-06-21 00:00:00,0.0633,19.2928,0
2019-06-22 00:00:00,0.0576,18.7061,0
2019-06-23 00:00:00,0.0535,18.6746,0
2019-06-24 00:00:00,0.0621,19.5182,0
2019-06-25 00:00:00,0.0669,20.3619,0
2019-06-26 00:00:00,0.0545,20.2018,0
2019-06-27 00:00:00,0.0555,20.4856,0
2019-06-28 00:00:00,0.0563,20.7695,0
2019-06-29 00:00:00,0.0422,20.4796,0
2019-06-30 00:00:00,0.0253,20.7581,0
2019-07-01 00:00:00,0.0194,20.3978,0
2019-07-02 00:00:00,0.0317,19.92,0
2019-07-03 00:00:00,0.0298,20.6114,0
2019-07-04 00:00:00,0.0374,20.9734,0
2019-07-05 00:00:00,0.0362,20.7082,0
2019-07-06 00:00:00,0.0236,21.2465,0
2019-07-07 00:00:00,0.0232,21.0899,0
2019-07-08 00:00:00,0.0228,20.9991,0
2019-07-09 00:00:00,0.0193,20.0651,0
2019-07-10 00:00:00,0.016,20.2858,0
2019-07-11 00:00:00,0.0185,20.7266,0
2019-07-12 00:00:00,0.0172,20.7168,0
2019-07-13 00:00:00,0.0153,20.7799,0
2019-07-14 00:00:00,0.0142,20.9913,0
2019-07-15 00:00:00,0.0173,21.0719,0
2019-07-16 00:00:00,0.0166,20.6533,0
2019-07-17 00:00:00,0.0165,21.1015,0
2019-07-18 00:00:00,0.0175,21.3042,0
2019-07-19 00:00:00,0.0151,21.6319,0
2019-07-20 00:00:00,0.0145,22.0557,0
2019-07-21 00:00:00,0.0415,21.4719,0
2019-07-22 00:00:00,0.048,20.5791,0
2019-07-23 00:00:00,0.0505,18.9566,0
2019-07-24 00:00:00,0.0365,18.2923,0
2019-07-25 00:00:00,0.0201,18.1179,0
2019-07-26 00:00:00,0.0195,18.4467,0
2019-07-27 00:00:00,0.019,18.9583,0
2019-07-28 00:00:00,0.0189,19.3054,0
2019-07-29 00:00:00,0.0189,19.9095,0
2019-07-30 00:00:00,0.0273,19.8589,0
2019-07-31 00:00:00,0.0374,19.1325,0
2019-08-01 00:00:00,0.0296,19.0918,0
2019-08-02 00:00:00,0.0275,18.9808,0
2019-08-03 00:00:00,0.0188,19.5083,0
2019-08-04 00:00:00,0.0172,20.0443,0
2019-08-05 00:00:00,0.0163,19.7891,0
2019-08-06 00:00:00,0.088,20.2884,0
2019-08-07 00:00:00,0.0571,21.4552,0
2019-08-08 00:00:00,0.0495,21.5532,0
2019-08-09 00:00:00,0.0437,21.4452,0
2019-08-10 00:00:00,0.0372,21.0552,0
2019-08-11 00:00:00,0.0321,19.8897,0
2019-08-12 00:00:00,0.025,20.2618,0
2019-08-13 00:00:00,0.0201,21.3682,0
2019-08-14 00:00:00,0.0168,21.4358,0
2019-08-15 00:00:00,0.0234,21.187,0
2019-08-16 00:00:00,0.0329,21.0202,0
2019-08-17 00:00:00,0.0274,21.2556,0
2019-08-18 00:00:00,0.0174,21.1643,0
2019-08-19 00:00:00,0.0161,21.2246,0
2019-08-20 00:00:00,0.0154,21.1392,0
2019-08-21 00:00:00,0.0149,21.2143,0
2019-08-22 00:00:00,0.0187,21.1385,0
2019-08-23 00:00:00,0.045,20.6393,0
2019-08-24 00:00:00,0.0421,18.2842,0
2019-08-25 00:00:00,0.0186,17.3313,0
2019-08-26 00:00:00,0.0157,17.356,0
2019-08-27 00:00:00,0.0193,17.7985,0
2019-08-28 00:00:00,0.0175,18.7183,0
2019-08-29 00:00:00,0.0164,17.7367,0
2019-08-30 00:00:00,0.0156,17.4882,0
2019-08-31 00:00:00,0.0153,18.9698,0
2019-09-01 00:00:00,0.0161,19.4698,0
2019-09-02 00:00:00,0.0155,19.3792,0
2019-09-03 00:00:00,0.0143,19.5906,0
2019-09-04 00:00:00,0.0135,19.9441,0
2019-09-05 00:00:00,0.0135,20.1818,0
2019-09-06 00:00:00,0.014,19.336,0
2019-09-07 00:00:00,0.0137,18.6742,0
2019-09-08 00:00:00,0.0138,18.2737,0
2019-09-09 00:00:00,0.0134,19.3712,0
2019-09-10 00:00:00,0.0138,19.7332,0
2019-09-11 00:00:00,0.0214,20.4042,0
2019-09-12 00:00:00,0.0234,20.5278,0
2019-09-13 00:00:00,0.015,19.8759,0
2019-09-14 00:00:00,0.0173,19.1119,0
2019-09-15 00:00:00,0.0165,19.4666,0
2019-09-16 00:00:00,0.0141,19.3173,0
2019-09-17 00:00:00,0.0135,19.2569,0
2019-09-18 00:00:00,0.0134,18.5029,0
2019-09-19 00:00:00,0.0135,16.3681,0
2019-09-20 00:00:00,0.0134,16.7872,0
2019-09-21 00:00:00,0.0133,17.2063,0
2019-09-22 00:00:00,0.0131,18.7071,0
2019-09-23 00:00:00,0.0126,18.8114,0
2019-09-24 00:00:00,0.0127,18.1276,0
2019-09-25 00:00:00,0.013,16.5108,0
2019-09-26 00:00:00,0.0127,17.8681,0
2019-09-27 00:00:00,0.013,17.8858,0
2019-09-28 00:00:00,0.0184,18.9133,0
2019-09-29 00:00:00,0.0187,19.8201,0
2019-09-30 00:00:00,0.0141,19.907,0
2019-10-01 00:00:00,0.0138,19.8566,0
2019-10-02 00:00:00,0.0123,20.373,0
2019-10-03 00:00:00,0.0122,20.1852,0
2019-10-04 00:00:00,0.0116,19.589,0
2019-10-05 00:00:00,0.0123,15.1552,0
2019-10-06 00:00:00,0.0172,14.9977,0
2019-10-07 00:00:00,0.0156,16.6625,0
2019-10-08 00:00:00,0.0244,15.1947,0
2019-10-09 00:00:00,0.0226,14.3287,0
2019-10-10 00:00:00,0.014,14.7157,0
2019-10-11 00:00:00,0.0138,14.5205,0
2019-10-12 00:00:00,0.0135,14.7871,0
2019-10-13 00:00:00,0.0134,13.5695,0
2019-10-14 00:00:00,0.0134,13.2568,0
2019-10-15 00:00:00,0.013,12.5468,0
2019-10-16 00:00:00,0.0386,12.2979,0
2019-10-17 00:00:00,0.0316,10.0219,0
2019-10-18 00:00:00,0.0142,10.0476,0
2019-10-19 00:00:00,0.0167,9.8922,0
2019-10-20 00:00:00,0.0686,11.7506,0
2019-10-21 00:00:00,0.0434,12.9152,0
2019-10-22 00:00:00,0.0329,13.3915,0
2019-10-23 00:00:00,0.0256,11.5602,0
2019-10-24 00:00:00,0.016,10.3863,0
2019-10-25 00:00:00,0.0153,10.9709,0
2019-10-26 00:00:00,0.0161,12.5258,0
2019-10-27 00:00:00,0.0465,14.4819,0
2019-10-28 00:00:00,0.0289,13.3919,0
2019-10-29 00:00:00,0.0169,13.2861,0
2019-10-30 00:00:00,0.0281,13.964,0
2019-10-31 00:00:00,0.0535,15.4326,0
2019-11-01 00:00:00,0.0375,9.7299,0
2019-11-02 00:00:00,0.022,8.3771,0
2019-11-03 00:00:00,0.0193,7.9669,0
2019-11-04 00:00:00,0.0183,7.6957,0
2019-11-05 00:00:00,0.0175,8.7575,0
2019-11-06 00:00:00,0.0168,9.022,0
2019-11-07 00:00:00,0.0168,9.592,0
2019-11-08 00:00:00,0.0172,7.0131,0
2019-11-09 00:00:00,0.0169,4.7708,0
2019-11-10 00:00:00,0.0167,6.3977,0
2019-11-11 00:00:00,0.0164,8.546,0
2019-11-12 00:00:00,0.0189,6.7443,0
2019-11-13 00:00:00,0.0181,2.3181,0
2019-11-14 00:00:00,0.0168,2.8519,0
2019-11-15 00:00:00,0.0167,4.5743,0
2019-11-16 00:00:00,0.017,4.4425,0
2019-11-17 00:00:00,0.0171,4.6575,0
2019-11-18 00:00:00,0.0198,5.762,0
2019-11-19 00:00:00,0.0191,5.9473,0
2019-11-20 00:00:00,0.0168,6.3022,0
2019-11-21 00:00:00,0.0164,6.203,0
2019-11-22 00:00:00,0.017,7.7368,0
2019-11-23 00:00:00,0.0273,6.1443,0
2019-11-24 00:00:00,0.0296,5.7433,0
2019-11-25 00:00:00,0.0189,5.495,0
2019-11-26 00:00:00,0.0171,6.2452,0
2019-11-27 00:00:00,0.0222,7.8964,0
2019-11-28 00:00:00,0.0216,5.8064,0
2019-11-29 00:00:00,0.0175,5.9026,0
2019-11-30 00:00:00,0.0272,6.608,0
2019-12-01 00:00:00,0.0722,6.7284,0
2019-12-02 00:00:00,0.0471,5.8976,0
2019-12-03 00:00:00,0.0246,4.2372,0
2019-12-04 00:00:00,0.0208,3.9514,0
2019-12-05 00:00:00,0.0312,3.9326,0
2019-12-06 00:00:00,0.0276,4.5699,0
